id,description,sequence,length,acr_type,is_acr
tr|A0A0E0UT28|A0A0E0UT28_LISMM,tr|A0A0E0UT28|A0A0E0UT28_LISMM AcrIIA4 family anti-CRISPR protein OS=Listeria monocytogenes serotype 4a (strain M7) OX=1030009 GN=LMM7_0114 PE=1 SV=1,MNISELIREIKNKDYAVRLEGTDDNSITKLIIDVDNDGNEYVISESKNESIAEKFASTFKNGWNKEYEDEEEFYNDMQSIILKSELN,87,unknown,1
tr|A0A247D711|A0A247D711_LISMN,tr|A0A247D711|A0A247D711_LISMN Anti-CRISPR protein AcrIIA4 OS=Listeria monocytogenes OX=1639 GN=acrIIA4 PE=1 SV=1,MNINDLIREIKNKDYTVKLSGTDSNSITQLIIRVNNDGNEYVISESENESIVEKFISAFKNGWNQEYEDEEEFYNDMQTITLKSELN,87,unknown,1
tr|A0A6W4RK30|A0A6W4RK30_LISMN,tr|A0A6W4RK30|A0A6W4RK30_LISMN AcrIIA4 family anti-CRISPR protein OS=Listeria monocytogenes OX=1639 GN=GEK10_13905 PE=4 SV=1,MNINDLIREIKNKDYTVKLSGTDSNSITQLIINVNNDGNEYGISESNFESIVEKFVSNFENGWDGAYEDEEDFYNDMQAIILKSESN,87,unknown,1
tr|A0A7X0W4Y2|A0A7X0W4Y2_LISWE,tr|A0A7X0W4Y2|A0A7X0W4Y2_LISWE Anti-CRISPR protein AcrIIA4 OS=Listeria welshimeri OX=1643 GN=acrIIA4 PE=4 SV=1,MNINELIREIKNKDYTAKLSGTDSNSITQLIIRVNNDGNEYVISESENESIVEKFISAFKNGWNQEYEDEEEFYNDMQTITLKSELN,87,unknown,1
tr|A0A7X0WMG2|A0A7X0WMG2_LISIO,tr|A0A7X0WMG2|A0A7X0WMG2_LISIO AcrIIA4 family anti-CRISPR protein OS=Listeria innocua OX=1642 GN=HB837_14610 PE=4 SV=1,MKNVKELLREIKKKDYTVTVYGDEIIIYVDNDGNEFPIRESFDASIIENFVTFFIDGWDGHYDDEETFYNDMQEIAKNIVLEDLEVTYDS,90,unknown,1
tr|A0A7X0ZEQ7|A0A7X0ZEQ7_9LIST,tr|A0A7X0ZEQ7|A0A7X0ZEQ7_9LIST AcrIIA4 family anti-CRISPR protein OS=Listeria cossartiae subsp. cayugensis OX=2713505 GN=HCB49_13980 PE=4 SV=1,MNLKELVREIKNKDYTAKLSGTDSNSITQLIIHVNNDGNEYVISESNFESIVEKFVSTFENGWDGAYEDEEEFYNDMQDIVKTHFK,86,unknown,1
tr|A0A7X1DFC2|A0A7X1DFC2_9LIST,tr|A0A7X1DFC2|A0A7X1DFC2_9LIST AcrIIA4 family anti-CRISPR protein OS=Listeria farberi OX=2713500 GN=HCB47_13360 PE=4 SV=1,MKINDLVREIKSRDYKVRLGGTDSNSITKLIIDVNNDGNEYVISESANESIVESFADSFVDGWTGTYEDEEDFYNDMQEIAQDIILETLKEAFENNNYNTDEVDTDLFDGYQIKIAMEYDNIGELAASVNKTKHFTAYVDASTDFMIIEKY,151,unknown,1
tr|A0A823IUF1|A0A823IUF1_LISMN,tr|A0A823IUF1|A0A823IUF1_LISMN AcrIIA4 family anti-CRISPR protein OS=Listeria monocytogenes OX=1639 GN=CW895_14560 PE=4 SV=1,MNLKELVREIKNKDYTAKLSGTDSNSITQLIIHVNNDGNEYGISESNFESIVEKFVSTFENGWDGAYEDEEEFYNDMQDIVNRHFK,86,unknown,1
tr|A0A823JDK5|A0A823JDK5_LISMN,tr|A0A823JDK5|A0A823JDK5_LISMN AcrIIA4 family anti-CRISPR protein OS=Listeria monocytogenes OX=1639 GN=CW895_12520 PE=4 SV=1,MNINDLIREIKNKDYTVKLSGTDSNSITQLIINVNNDGNEYGISESNFESIVEKFVSTFENGWDGAYEDEEEFYNDMQAIILKRVLN,87,unknown,1
tr|A0A9P2C2B4|A0A9P2C2B4_LISMN,tr|A0A9P2C2B4|A0A9P2C2B4_LISMN AcrIIA4 family anti-CRISPR protein OS=Listeria monocytogenes OX=1639 GN=GCV64_14680 PE=4 SV=1,MNLKELVREIKNKDYTAKLSGTDSNSITQLIIHVNNDGNEYGISESNFESIVEKFVSNFENGWDGAYEDEEEFYNDMQDIVNRHFK,86,unknown,1
