id,description,sequence,length
sp|A6NNY8|UBP27_HUMAN,sp|A6NNY8|UBP27_HUMAN Ubiquitin carboxyl-terminal hydrolase 27 OS=Homo sapiens OX=9606 GN=USP27X PE=1 SV=3,MCKDYVYDKDIEQIAKEEQGEALKLQASTSTEVSHQQCSVPGLGEKFPTWETTKPELELLGHNPRRRRITSSFTIGLRGLINLGNTCFMNCIVQALTHTPILRDFFLSDRHRCEMPSPELCLVCEMSSLFRELYSGNPSPHVPYKLLHLVWIHARHLAGYRQQDAHEFLIAALDVLHRHCKGDDVGKAANNPNHCNCIIDQIFTGGLQSDVTCQACHGVSTTIDPCWDISLDLPGSCTSFWPMSPGRESSVNGESHIPGITTLTDCLRRFTRPEHLGSSAKIKCGSCQSYQESTKQLTMNKLPVVACFHFKRFEHSAKQRRKITTYISFPLELDMTPFMASSKESRMNGQLQLPTNSGNNENKYSLFAVVNHQGTLESGHYTSFIRHHKDQWFKCDDAVITKASIKDVLDSEGYLLFYHKQVLEHESEKVKEMNTQAY,438
sp|O14610|GBGT2_HUMAN,sp|O14610|GBGT2_HUMAN Guanine nucleotide-binding protein G(I)/G(S)/G(O) subunit gamma-T2 OS=Homo sapiens OX=9606 GN=GNGT2 PE=1 SV=1,MAQDLSEKDLLKMEVEQLKKEVKNTRIPISKAGKEIKEYVEAQAGNDPFLKGIPEDKNPFKEKGGCLIS,69
sp|O14867|BACH1_HUMAN,sp|O14867|BACH1_HUMAN Transcription regulator protein BACH1 OS=Homo sapiens OX=9606 GN=BACH1 PE=1 SV=2,MSLSENSVFAYESSVHSTNVLLSLNDQRKKDVLCDVTIFVEGQRFRAHRSVLAACSSYFHSRIVGQADGELNITLPEEVTVKGFEPLIQFAYTAKLILSKENVDEVCKCVEFLSVHNIEESCFQFLKFKFLDSTADQQECPRKKCFSSHCQKTDLKLSLLDQRDLETDEVEEFLENKNVQTPQCKLRRYQGNAKASPPLQDSASQTYESMCLEKDAALALPSLCPKYRKFQKAFGTDRVRTGESSVKDIHASVQPNERSENECLGGVPECRDLQVMLKCDESKLAMEPEETKKDPASQCPTEKSEVTPFPHNSSIDPHGLYSLSLLHTYDQYGDLNFAGMQNTTVLTEKPLSGTDVQEKTFGESQDLPLKSDLGTREDSSVASSDRSSVEREVAEHLAKGFWSDICSTDTPCQMQLSPAVAKDGSEQISQKRSECPWLGIRISESPEPGQRTFTTLSSVNCPFISTLSTEGCSSNLEIGNDDYVSEPQQEPCPYACVISLGDDSETDTEGDSESCSAREQECEVKLPFNAQRIISLSRNDFQSLLKMHKLTPEQLDCIHDIRRRSKNRIAAQRCRKRKLDCIQNLESEIEKLQSEKESLLKERDHILSTLGETKQNLTGLCQKVCKEAALSQEQIQILAKYSAADCPLSFLISEKDKSTPDGELALPSIFSLSDRPPAVLPPCARGNSEPGYARGQESQQMSTATSEQAGPAEQCRQSGGISDFCQQMTDKCTTDE,736
sp|O15304|SIVA_HUMAN,sp|O15304|SIVA_HUMAN Apoptosis regulatory protein Siva OS=Homo sapiens OX=9606 GN=SIVA1 PE=1 SV=2,MPKRSCPFADVAPLQLKVRVSQRELSRGVCAERYSQEVFEKTKRLLFLGAQAYLDHVWDEGCAVVHLPESPKPGPTGAPRAARGQMLIGPDGRLIRSLGQASEADPSGVASIACSSCVRAVDGKAVCGQCERALCGQCVRTCWGCGSVACTLCGLVDCSDMYEKVLCTSCAMFET,175
sp|O43709|BUD23_HUMAN,sp|O43709|BUD23_HUMAN 18S rRNA (guanine-N(7))-methyltransferase OS=Homo sapiens OX=9606 GN=BUD23 PE=1 SV=2,MASRGRRPEHGGPPELFYDETEARKYVRNSRMIDIQTRMAGRALELLYLPENKPCYLLDIGCGTGLSGSYLSDEGHYWVGLDISPAMLDEAVDREIEGDLLLGDMGQGIPFKPGTFDGCISISAVQWLCNANKKSENPAKRLYCFFASLFSVLVRGSRAVLQLYPENSEQLELITTQATKAGFSGGMVVDYPNSAKAKKFYLCLFSGPSTFIPEGLSENQDEVEPRESVFTNERFPLRMSRRGMVRKSRAWVLEKKERHRRQGREVRPDTQYTGRKRKPRF,281
sp|O60232|ZNRD2_HUMAN,sp|O60232|ZNRD2_HUMAN Protein ZNRD2 OS=Homo sapiens OX=9606 GN=ZNRD2 PE=1 SV=1,MALNGAEVDDFSWEPPTEAETKVLQARRERQDRISRLMGDYLLRGYRMLGETCADCGTILLQDKQRKIYCVACQELDSDVDKDNPALNAQAALSQAREHQLASASELPLGSRPAPQPPVPRPEHCEGAAAGLKAAQGPPAPAVPPNTDVMACTQTALLQKLTWASAELGSSTSLETSIQLCGLIRACAEALRSLQQLQH,199
sp|O60675|MAFK_HUMAN,sp|O60675|MAFK_HUMAN Transcription factor MafK OS=Homo sapiens OX=9606 GN=MAFK PE=1 SV=1,MTTNPKPNKALKVKKEAGENAPVLSDDELVSMSVRELNQHLRGLTKEEVTRLKQRRRTLKNRGYAASCRIKRVTQKEELERQRVELQQEVEKLARENSSMRLELDALRSKYEALQTFARTVARGPVAPSKVATTSVITIVKSTELSSTSVPFSAAS,156
sp|O75815|BCAR3_HUMAN,sp|O75815|BCAR3_HUMAN Breast cancer anti-estrogen resistance protein 3 OS=Homo sapiens OX=9606 GN=BCAR3 PE=1 SV=1,MAAGKFASLPRNMPVNHQFPLASSMDLLSSRSPLAEHRPDAYQDVSIHGTLPRKKKGPPPIRSCDDFSHMGTLPHSKSPRQNSPVTQDGIQESPWQDRHGETFTFRDPHLLDPTVEYVKFSKERHIMDRTPEKLKKELEEELLLSSEDLRSHAWYHGRIPRQVSENLVQRDGDFLVRDSLSSPGNFVLTCQWKNLAQHFKINRTVLRLSEAYSRVQYQFEMESFDSIPGLVRCYVGNRRPISQQSGAIIFQPINRTVPLRCLEEHYGTSPGQAREGSLTKGRPDVAKRLSLTMGGVQAREQNLPRGNLLRNKEKSGSQPACLDHMQDRRALSLKAHQSESYLPIGCKLPPQSSGVDTSPCPNSPVFRTGSEPALSPAVVRRVSSDARAGEALRGSDSQLCPKPPPKPCKVPFLKVPSSPSAWLNSEANYCELNPAFATGCGRGAKLPSCAQGSHTELLTAKQNEAPGPRNSGVNYLILDDDDRERPWEPAAAQMEKGQWDKGEFVTPLLETVSSFRPNEFESKFLPPENKPLETAMLKRAKELFTNNDPKVIAQHVLSMDCRVARILGVSEEMRRNMGVSSGLELITLPHGHQLRLDIIERHNTMAIGIAVDILGCTGTLEDRAATLSKIIQVAVELKDSMGDLYSFSALMKALEMPQITRLEKTWTALRHQYTQTAILYEKQLKPFSKLLHEGRESTCVPPNNVSVPLLMPLVTLMERQAVTFEGTDMWEKNDQSCEIMLNHLATARFMAEAADSYRMNAERILAGFQPDEEMNEICKTEFQMRLLWGSKGAQVNQTERYEKFNQILTALSRKLEPPPVKQAEL,825
sp|O75884|RBBP9_HUMAN,sp|O75884|RBBP9_HUMAN Serine hydrolase RBBP9 OS=Homo sapiens OX=9606 GN=RBBP9 PE=1 SV=2,MASPSKAVIVPGNGGGDVTTHGWYGWVKKELEKIPGFQCLAKNMPDPITARESIWLPFMETELHCDEKTIIIGHSSGAIAAMRYAETHRVYAIVLVSAYTSDLGDENERASGYFTRPWQWEKIKANCPYIVQFGSTDDPFLPWKEQQEVADRLETKLHKFTDCGHFQNTEFHELITVVKSLLKVPA,186
sp|O76061|STC2_HUMAN,sp|O76061|STC2_HUMAN Stanniocalcin-2 OS=Homo sapiens OX=9606 GN=STC2 PE=1 SV=1,MCAERLGQFMTLALVLATFDPARGTDATNPPEGPQDRSSQQKGRLSLQNTAEIQHCLVNAGDVGCGVFECFENNSCEIRGLHGICMTFLHNAGKFDAQGKSFIKDALKCKAHALRHRFGCISRKCPAIREMVSQLQRECYLKHDLCAAAQENTRVIVEMIHFKDLLLHEPYVDLVNLLLTCGEEVKEAITHSVQVQCEQNWGSLCSILSFCTSAIQKPPTAPPERQPQVDRTKLSRAHHGEAGHHLPEPSSRETGRGAKGERGSKSHPNAHARGRVGGLGAQGPSGSSEWEDEQSEYSDIRR,302
sp|O95104|SCAF4_HUMAN,sp|O95104|SCAF4_HUMAN SR-related and CTD-associated factor 4 OS=Homo sapiens OX=9606 GN=SCAF4 PE=1 SV=3,MDAVNAFNQELFSLMDMKPPISRAKMILITKAAIKAIKLYKHVVQIVEKFIKKCKPEYKVPGLYVIDSIVRQSRHQFGTDKDVFGPRFSKNITATFQYLYLCPSEDKSKIVRVLNLWQKNGVFKIEIIQPLLDMAAGTSNAAPVAENVTNNEGSPPPPVKVSSEPPTQATPNSVPAVPQLPSSDAFAAVAQLFQTTQGQQLQQILQTFQQPPKPQSPALDNAVMAQVQAITAQLKTTPTQPSEQKAAFPPPEQKTAFDKKLLDRFDYDDEPEAVEESKKEDTTAVTTTAPAAAVPPAPTATVPAAAAPAAASPPPPQAPFGFPGDGMQQPAYTQHQNMDQFQPRMMGIQQDPMHHQVPLPPNGQMPGFGLLPTPPFPPMAQPVIPPTPPVQQPFQASFQAQNEPLTQKPHQQEMEVEQPCIQEVKRHMSDNRKSRSRSASRSPKRRRSRSGSRSRRSRHRRSRSRSRDRRRHSPRSRSQERRDREKERERRQKGLPQVKPETASVCSTTLWVGQLDKRTTQQDVASLLEEFGPIESINMIPPRGCAYIVMVHRQDAYRALQKLSRGNYKVNQKSIKIAWALNKGIKADYKQYWDVELGVTYIPWDKVKPEELESFCEGGMLDSDTLNPDWKGIPKKPENEVAQNGGAETSHTEPVSPIPKPLPVPVPPIPVPAPITVPPPQVPPHQPGPPVVGALQPPAFTPPLGIPPPGFGPGVPPPPPPPPFLRPGFNPMHLPPGFLPPGPPPPITPPVSIPPPHTPPISIPNSTIAGINEDTTKDLSIGNPIPTVVSGARGNAESGDSVKMYGSAVPPAAPTNLPTPPVTQPVSLLGTQGVAPGPVIGLQAPSTGLLGARPGLIPLQRPPGMPPPHLQRFPLMPPRPMPPHMMHRGPPPGPGGFAMPPPHGMKGPFPPHGPFVRPGGMPGLGGPGPGPGGPEDRDGRQQPPQQPQQQPQPQAPQQPQQQQQQQPPPSQQPPPTQQQPQQFRNDNRQQFNSGRDQERFGRRSFGNRVENDRERYGNRNDDRDNSNRDRREWGRRSPDRDRHRDLEERNRRSSGHRDRERDSRDRESRREKEEARGKEKPEVTDRAGGNKTVEPPISQVGNVDTASELEKGVSEAAVLKPSEELPAEATSSVEPEKDSGSAAEAPR,1147
sp|O95388|CCN4_HUMAN,sp|O95388|CCN4_HUMAN CCN family member 4 OS=Homo sapiens OX=9606 GN=CCN4 PE=1 SV=1,MRWFLPWTLAAVTAAAASTVLATALSPAPTTMDFTPAPLEDTSSRPQFCKWPCECPPSPPRCPLGVSLITDGCECCKMCAQQLGDNCTEAAICDPHRGLYCDYSGDRPRYAIGVCAQVVGVGCVLDGVRYNNGQSFQPNCKYNCTCIDGAVGCTPLCLRVRPPRLWCPHPRRVSIPGHCCEQWVCEDDAKRPRKTAPRDTGAFDAVGEVEAWHRNCIAYTSPWSPCSTSCGLGVSTRISNVNAQCWPEQESRLCNLRPCDVDIHTLIKAGKKCLAVYQPEASMNFTLAGCISTRSYQPKYCGVCMDNRCCIPYKSKTIDVSFQCPDGLGFSRQVLWINACFCNLSCRNPNDIFADLESYPDFSEIAN,367
sp|P00995|ISK1_HUMAN,sp|P00995|ISK1_HUMAN Serine protease inhibitor Kazal-type 1 OS=Homo sapiens OX=9606 GN=SPINK1 PE=1 SV=2,MKVTGIFLLSALALLSLSGNTGADSLGREAKCYNELNGCTKIYDPVCGTDGNTYPNECVLCFENRKRQTSILIQKSGPC,79
sp|P03971|MIS_HUMAN,sp|P03971|MIS_HUMAN Muellerian-inhibiting factor OS=Homo sapiens OX=9606 GN=AMH PE=1 SV=3,MRDLPLTSLALVLSALGALLGTEALRAEEPAVGTSGLIFREDLDWPPGSPQEPLCLVALGGDSNGSSSPLRVVGALSAYEQAFLGAVQRARWGPRDLATFGVCNTGDRQAALPSLRRLGAWLRDPGGQRLVVLHLEEVTWEPTPSLRFQEPPPGGAGPPELALLVLYPGPGPEVTVTRAGLPGAQSLCPSRDTRYLVLAVDRPAGAWRGSGLALTLQPRGEDSRLSTARLQALLFGDDHRCFTRMTPALLLLPRSEPAPLPAHGQLDTVPFPPPRPSAELEESPPSADPFLETLTRLVRALRVPPARASAPRLALDPDALAGFPQGLVNLSDPAALERLLDGEEPLLLLLRPTAATTGDPAPLHDPTSAPWATALARRVAAELQAAAAELRSLPGLPPATAPLLARLLALCPGGPGGLGDPLRALLLLKALQGLRVEWRGRDPRGPGRAQRSAGATAADGPCALRELSVDLRAERSVLIPETYQANNCQGVCGWPQSDRNPRYGNHVVLLLKMQVRGAALARPPCCVPTAYAGKLLISLSEERISAHHVPNMVATECGCR,560
sp|P08294|SODE_HUMAN,sp|P08294|SODE_HUMAN Extracellular superoxide dismutase [Cu-Zn] OS=Homo sapiens OX=9606 GN=SOD3 PE=1 SV=2,MLALLCSCLLLAAGASDAWTGEDSAEPNSDSAEWIRDMYAKVTEIWQEVMQRRDDDGALHAACQVQPSATLDAAQPRVTGVVLFRQLAPRAKLDAFFALEGFPTEPNSSSRAIHVHQFGDLSQGCESTGPHYNPLAVPHPQHPGDFGNFAVRDGSLWRYRAGLAASLAGPHSIVGRAVVVHAGEDDLGRGGNQASVENGNAGRRLACCVVGVCGPGLWERQAREHSERKKRRRESECKAA,240
sp|P10415|BCL2_HUMAN,sp|P10415|BCL2_HUMAN Apoptosis regulator Bcl-2 OS=Homo sapiens OX=9606 GN=BCL2 PE=1 SV=2,MAHAGRTGYDNREIVMKYIHYKLSQRGYEWDAGDVGAAPPGAAPAPGIFSSQPGHTPHPAASRDPVARTSPLQTPAAPGAAAGPALSPVPPVVHLTLRQAGDDFSRRYRRDFAEMSSQLHLTPFTARGRFATVVEELFRDGVNWGRIVAFFEFGGVMCVESVNREMSPLVDNIALWMTEYLNRHLHTWIQDNGGWDAFVELYGPSMRPLFDFSWLSLKTLLSLALVGACITLGAYLGHK,239
sp|P12429|ANXA3_HUMAN,sp|P12429|ANXA3_HUMAN Annexin A3 OS=Homo sapiens OX=9606 GN=ANXA3 PE=1 SV=3,MASIWVGHRGTVRDYPDFSPSVDAEAIQKAIRGIGTDEKMLISILTERSNAQRQLIVKEYQAAYGKELKDDLKGDLSGHFEHLMVALVTPPAVFDAKQLKKSMKGAGTNEDALIEILTTRTSRQMKDISQAYYTVYKKSLGDDISSETSGDFRKALLTLADGRRDESLKVDEHLAKQDAQILYKAGENRWGTDEDKFTEILCLRSFPQLKLTFDEYRNISQKDIVDSIKGELSGHFEDLLLAIVNCVRNTPAFLAERLHRALKGIGTDEFTLNRIMVSRSEIDLLDIRTEFKKHYGYSLYSAIKSDTSGDYEITLLKICGGDD,323
sp|P13164|IFM1_HUMAN,sp|P13164|IFM1_HUMAN Interferon-induced transmembrane protein 1 OS=Homo sapiens OX=9606 GN=IFITM1 PE=1 SV=3,MHKEEHEVAVLGPPPSTILPRSTVINIHSETSVPDHVVWSLFNTLFLNWCCLGFIAFAYSVKSRDRKMVGDVTGAQAYASTAKCLNIWALILGILMTIGFILLLVFGSVTVYHIMLQIIQEKRGY,125
sp|P19086|GNAZ_HUMAN,sp|P19086|GNAZ_HUMAN Guanine nucleotide-binding protein G(z) subunit alpha OS=Homo sapiens OX=9606 GN=GNAZ PE=1 SV=3,MGCRQSSEEKEAARRSRRIDRHLRSESQRQRREIKLLLLGTSNSGKSTIVKQMKIIHSGGFNLEACKEYKPLIIYNAIDSLTRIIRALAALRIDFHNPDRAYDAVQLFALTGPAESKGEITPELLGVMRRLWADPGAQACFSRSSEYHLEDNAAYYLNDLERIAAADYIPTVEDILRSRDMTTGIVENKFTFKELTFKMVDVGGQRSERKKWIHCFEGVTAIIFCVELSGYDLKLYEDNQTSRMAESLRLFDSICNNNWFINTSLILFLNKKDLLAEKIRRIPLTICFPEYKGQNTYEEAAVYIQRQFEDLNRNKETKEIYSHFTCATDTSNIQFVFDAVTDVIIQNNLKYIGLC,355
sp|P22301|IL10_HUMAN,sp|P22301|IL10_HUMAN Interleukin-10 OS=Homo sapiens OX=9606 GN=IL10 PE=1 SV=1,MHSSALLCCLVLLTGVRASPGQGTQSENSCTHFPGNLPNMLRDLRDAFSRVKTFFQMKDQLDNLLLKESLLEDFKGYLGCQALSEMIQFYLEEVMPQAENQDPDIKAHVNSLGENLKTLRLRLRRCHRFLPCENKSKAVEQVKNAFNKLQEKGIYKAMSEFDIFINYIEAYMTMKIRN,178
sp|P24158|PRTN3_HUMAN,sp|P24158|PRTN3_HUMAN Myeloblastin OS=Homo sapiens OX=9606 GN=PRTN3 PE=1 SV=3,MAHRPPSPALASVLLALLLSGAARAAEIVGGHEAQPHSRPYMASLQMRGNPGSHFCGGTLIHPSFVLTAAHCLRDIPQRLVNVVLGAHNVRTQEPTQQHFSVAQVFLNNYDAENKLNDVLLIQLSSPANLSASVATVQLPQQDQPVPHGTQCLAMGWGRVGAHDPPAQVLQELNVTVVTFFCRPHNICTFVPRRKAGICFGDSGGPLICDGIIQGIDSFVIWGCATRLFPDFFTRVALYVDWIRSTLRRVEAKGRP,256
sp|P27469|G0S2_HUMAN,sp|P27469|G0S2_HUMAN G0/G1 switch protein 2 OS=Homo sapiens OX=9606 GN=G0S2 PE=1 SV=1,METVQELIPLAKEMMAQKRKGKMVKLYVLGSVLALFGVVLGLMETVCSPFTAARRLRDQEAAVAELQAALERQALQKQALQEKGKQQDTVLGGRALSNRQHAS,103
sp|P29275|AA2BR_HUMAN,sp|P29275|AA2BR_HUMAN Adenosine receptor A2b OS=Homo sapiens OX=9606 GN=ADORA2B PE=1 SV=1,MLLETQDALYVALELVIAALSVAGNVLVCAAVGTANTLQTPTNYFLVSLAAADVAVGLFAIPFAITISLGFCTDFYGCLFLACFVLVLTQSSIFSLLAVAVDRYLAICVPLRYKSLVTGTRARGVIAVLWVLAFGIGLTPFLGWNSKDSATNNCTEPWDGTTNESCCLVKCLFENVVPMSYMVYFNFFGCVLPPLLIMLVIYIKIFLVACRQLQRTELMDHSRTTLQREIHAAKSLAMIVGIFALCWLPVHAVNCVTLFQPAQGKNKPKWAMNMAILLSHANSVVNPIVYAYRNRDFRYTFHKIISRYLLCQADVKSGNGQAGVQPALGVGL,332
sp|P29965|CD40L_HUMAN,sp|P29965|CD40L_HUMAN CD40 ligand OS=Homo sapiens OX=9606 GN=CD40LG PE=1 SV=1,MIETYNQTSPRSAATGLPISMKIFMYLLTVFLITQMIGSALFAVYLHRRLDKIEDERNLHEDFVFMKTIQRCNTGERSLSLLNCEEIKSQFEGFVKDIMLNKEETKKENSFEMQKGDQNPQIAAHVISEASSKTTSVLQWAEKGYYTMSNNLVTLENGKQLTVKRQGLYYIYAQVTFCSNREASSQAPFIASLCLKSPGRFERILLRAANTHSSAKPCGQQSIHLGGVFELQPGASVFVNVTDPSQVSHGTGFTSFGLLKL,261
sp|P48507|GSH0_HUMAN,sp|P48507|GSH0_HUMAN Glutamate--cysteine ligase regulatory subunit OS=Homo sapiens OX=9606 GN=GCLM PE=1 SV=1,MGTDSRAAKALLARARTLHLQTGNLLNWGRLRKKCPSTHSEELHDCIQKTLNEWSSQINPDLVREFPDVLECTVSHAVEKINPDEREEMKVSAKLFIVESNSSSSTRSAVDMACSVLGVAQLDSVIIASPPIEDGVNLSLEHLQPYWEELENLVQSKKIVAIGTSDLDKTQLEQLYQWAQVKPNSNQVNLASCCVMPPDLTAFAKQFDIQLLTHNDPKELLSEASFQEALQESIPDIQAHEWVPLWLLRYSVIVKSRGIIKSKGYILQAKRRGS,274
sp|P50150|GBG4_HUMAN,sp|P50150|GBG4_HUMAN Guanine nucleotide-binding protein G(I)/G(S)/G(O) subunit gamma-4 OS=Homo sapiens OX=9606 GN=GNG4 PE=1 SV=1,MKEGMSNNSTTSISQARKAVEQLKMEACMDRVKVSQAAADLLAYCEAHVREDPLIIPVPASENPFREKKFFCTIL,75
sp|P50151|GBG10_HUMAN,sp|P50151|GBG10_HUMAN Guanine nucleotide-binding protein G(I)/G(S)/G(O) subunit gamma-10 OS=Homo sapiens OX=9606 GN=GNG10 PE=1 SV=1,MSSGASASALQRLVEQLKLEAGVERIKVSQAAAELQQYCMQNACKDALLVGVPAGSNPFREPRSCALL,68
sp|P50616|TOB1_HUMAN,sp|P50616|TOB1_HUMAN Protein Tob1 OS=Homo sapiens OX=9606 GN=TOB1 PE=1 SV=1,MQLEIQVALNFIISYLYNKLPRRRVNIFGEELERLLKKKYEGHWYPEKPYKGSGFRCIHIGEKVDPVIEQASKESGLDIDDVRGNLPQDLSVWIDPFEVSYQIGEKGPVKVLYVDDNNENGCELDKEIKNSFNPEAQVFMPISDPASSVSSSPSPPFGHSAAVSPTFMPRSTQPLTFTTATFAATKFGSTKMKNSGRSNKVARTSPINLGLNVNDLLKQKAISSSMHSLYGLGLGSQQQPQQQQQPAQPPPPPPPPQQQQQQKTSALSPNAKEFIFPNMQGQGSSTNGMFPGDSPLNLSPLQYSNAFDVFAAYGGLNEKSFVDGLNFSLNNMQYSNQQFQPVMAN,345
sp|P55957|BID_HUMAN,sp|P55957|BID_HUMAN BH3-interacting domain death agonist OS=Homo sapiens OX=9606 GN=BID PE=1 SV=1,MDCEVNNGSSLRDECITNLLVFGFLQSCSDNSFRRELDALGHELPVLAPQWEGYDELQTDGNRSSHSRLGRIEADSESQEDIIRNIARHLAQVGDSMDRSIPPGLVNGLALQLRNTSRSEEDRNRDLATALEQLLQAYPRDMEKEKTMLVLALLLAKKVASHTPSLLRDVFHTTVNFINQNLRTYVRSLARNGMD,195
sp|P61952|GBG11_HUMAN,sp|P61952|GBG11_HUMAN Guanine nucleotide-binding protein G(I)/G(S)/G(O) subunit gamma-11 OS=Homo sapiens OX=9606 GN=GNG11 PE=1 SV=1,MPALHIEDLPEKEKLKMEVEQLRKEVKLQRQQVSKCSEEIKNYIEERSGEDPLVKGIPEDKNPFKEKGSCVIS,73
sp|P62324|BTG1_HUMAN,sp|P62324|BTG1_HUMAN Protein BTG1 OS=Homo sapiens OX=9606 GN=BTG1 PE=1 SV=1,MHPFYTRAATMIGEIAAAVSFISKFLRTKGLTSERQLQTFSQSLQELLAEHYKHHWFPEKPCKGSGYRCIRINHKMDPLIGQAAQRIGLSSQELFRLLPSELTLWVDPYEVSYRIGEDGSICVLYEASPAGGSTQNSTNVQMVDSRISCKEELLLGRTSPSKNYNMMTVSG,171
sp|P63211|GBG1_HUMAN,sp|P63211|GBG1_HUMAN Guanine nucleotide-binding protein G(T) subunit gamma-T1 OS=Homo sapiens OX=9606 GN=GNGT1 PE=1 SV=2,MPVINIEDLTEKDKLKMEVDQLKKEVTLERMLVSKCCEEVRDYVEERSGEDPLVKGIPEDKNPFKELKGGCVIS,74
sp|P63218|GBG5_HUMAN,sp|P63218|GBG5_HUMAN Guanine nucleotide-binding protein G(I)/G(S)/G(O) subunit gamma-5 OS=Homo sapiens OX=9606 GN=GNG5 PE=1 SV=3,MSGSSSVAAMKKVVQQLRLEAGLNRVKVSQAAADLKQFCLQNAQHDPLLTGVSSSTNPFRPQKVCSFL,68
sp|P78543|BTG2_HUMAN,sp|P78543|BTG2_HUMAN Protein BTG2 OS=Homo sapiens OX=9606 GN=BTG2 PE=1 SV=1,MSHGKGTDMLPEIAAAVGFLSSLLRTRGCVSEQRLKVFSGALQEALTEHYKHHWFPEKPSKGSGYRCIRINHKMDPIISRVASQIGLSQPQLHQLLPSELTLWVDPYEVSYRIGEDGSICVLYEEAPLAASCGLLTCKNQVLLGRSSPSKNYVMAVSS,158
sp|P80098|CCL7_HUMAN,sp|P80098|CCL7_HUMAN C-C motif chemokine 7 OS=Homo sapiens OX=9606 GN=CCL7 PE=1 SV=3,MKASAALLCLLLTAAAFSPQGLAQPVGINTSTTCCYRFINKKIPKQRLESYRRTTSSHCPREAVIFKTKLDKEICADPTQKWVQDFMKHLDKKTQTPKL,99
sp|P80297|MT1X_HUMAN,sp|P80297|MT1X_HUMAN Metallothionein-1X OS=Homo sapiens OX=9606 GN=MT1X PE=1 SV=1,MDPNCSCSPVGSCACAGSCKCKECKCTSCKKSCCSCCPVGCAKCAQGCICKGTSDKCSCCA,61
sp|P98160|PGBM_HUMAN,sp|P98160|PGBM_HUMAN Basement membrane-specific heparan sulfate proteoglycan core protein OS=Homo sapiens OX=9606 GN=HSPG2 PE=1 SV=4,MGWRAAGALLLALLLHGRLLAVTHGLRAYDGLSLPEDIETVTASQMRWTHSYLSDDEDMLADSISGDDLGSGDLGSGDFQMVYFRALVNFTRSIEYSPQLEDAGSREFREVSEAVVDTLESEYLKIPGDQVVSVVFIKELDGWVFVELDVGSEGNADGAQIQEMLLRVISSGSVASYVTSPQGFQFRRLGTVPQFPRACTEAEFACHSYNECVALEYRCDRRPDCRDMSDELNCEEPVLGISPTFSLLVETTSLPPRPETTIMRQPPVTHAPQPLLPGSVRPLPCGPQEAACRNGHCIPRDYLCDGQEDCEDGSDELDCGPPPPCEPNEFPCGNGHCALKLWRCDGDFDCEDRTDEANCPTKRPEEVCGPTQFRCVSTNMCIPASFHCDEESDCPDRSDEFGCMPPQVVTPPRESIQASRGQTVTFTCVAIGVPTPIINWRLNWGHIPSHPRVTVTSEGGRGTLIIRDVKESDQGAYTCEAMNARGMVFGIPDGVLELVPQRGPCPDGHFYLEHSAACLPCFCFGITSVCQSTRRFRDQIRLRFDQPDDFKGVNVTMPAQPGTPPLSSTQLQIDPSLHEFQLVDLSRRFLVHDSFWALPEQFLGNKVDSYGGSLRYNVRYELARGMLEPVQRPDVVLMGAGYRLLSRGHTPTQPGALNQRQVQFSEEHWVHESGRPVQRAELLQVLQSLEAVLIQTVYNTKMASVGLSDIAMDTTVTHATSHGRAHSVEECRCPIGYSGLSCESCDAHFTRVPGGPYLGTCSGCNCNGHASSCDPVYGHCLNCQHNTEGPQCNKCKAGFFGDAMKATATSCRPCPCPYIDASRRFSDTCFLDTDGQATCDACAPGYTGRRCESCAPGYEGNPIQPGGKCRPVNQEIVRCDERGSMGTSGEACRCKNNVVGRLCNECADGSFHLSTRNPDGCLKCFCMGVSRHCTSSSWSRAQLHGASEEPGHFSLTNAASTHTTNEGIFSPTPGELGFSSFHRLLSGPYFWSLPSRFLGDKVTSYGGELRFTVTQRSQPGSTPLHGQPLVVLQGNNIILEHHVAQEPSPGQPSTFIVPFREQAWQRPDGQPATREHLLMALAGIDTLLIRASYAQQPAESRVSGISMDVAVPEETGQDPALEVEQCSCPPGYRGPSCQDCDTGYTRTPSGLYLGTCERCSCHGHSEACEPETGACQGCQHHTEGPRCEQCQPGYYGDAQRGTPQDCQLCPCYGDPAAGQAAHTCFLDTDGHPTCDACSPGHSGRHCERCAPGYYGNPSQGQPCQRDSQVPGPIGCNCDPQGSVSSQCDAAGQCQCKAQVEGLTCSHCRPHHFHLSASNPDGCLPCFCMGITQQCASSAYTRHLISTHFAPGDFQGFALVNPQRNSRLTGEFTVEPVPEGAQLSFGNFAQLGHESFYWQLPETYQGDKVAAYGGKLRYTLSYTAGPQGSPLSDPDVQITGNNIMLVASQPALQGPERRSYEIMFREEFWRRPDGQPATREHLLMALADLDELLIRATFSSVPLAASISAVSLEVAQPGPSNRPRALEVEECRCPPGYIGLSCQDCAPGYTRTGSGLYLGHCELCECNGHSDLCHPETGACSQCQHNAAGEFCELCAPGYYGDATAGTPEDCQPCACPLTNPENMFSRTCESLGAGGYRCTACEPGYTGQYCEQCGPGYVGNPSVQGGQCLPETNQAPLVVEVHPARSIVPQGGSHSLRCQVSGSPPHYFYWSREDGRPVPSGTQQRHQGSELHFPSVQPSDAGVYICTCRNLHQSNTSRAELLVTEAPSKPITVTVEEQRSQSVRPGADVTFICTAKSKSPAYTLVWTRLHNGKLPTRAMDFNGILTIRNVQLSDAGTYVCTGSNMFAMDQGTATLHVQASGTLSAPVVSIHPPQLTVQPGQLAEFRCSATGSPTPTLEWTGGPGGQLPAKAQIHGGILRLPAVEPTDQAQYLCRAHSSAGQQVARAVLHVHGGGGPRVQVSPERTQVHAGRTVRLYCRAAGVPSATITWRKEGGSLPPQARSERTDIATLLIPAITTADAGFYLCVATSPAGTAQARIQVVVLSASDASPPPVKIESSSPSVTEGQTLDLNCVVAGSAHAQVTWYRRGGSLPPHTQVHGSRLRLPQVSPADSGEYVCRVENGSGPKEASITVSVLHGTHSGPSYTPVPGSTRPIRIEPSSSHVAEGQTLDLNCVVPGQAHAQVTWHKRGGSLPARHQTHGSLLRLHQVTPADSGEYVCHVVGTSGPLEASVLVTIEASVIPGPIPPVRIESSSSTVAEGQTLDLSCVVAGQAHAQVTWYKRGGSLPARHQVRGSRLYIFQASPADAGQYVCRASNGMEASITVTVTGTQGANLAYPAGSTQPIRIEPSSSQVAEGQTLDLNCVVPGQSHAQVTWHKRGGSLPVRHQTHGSLLRLYQASPADSGEYVCRVLGSSVPLEASVLVTIEPAGSVPALGVTPTVRIESSSSQVAEGQTLDLNCLVAGQAHAQVTWHKRGGSLPARHQVHGSRLRLLQVTPADSGEYVCRVVGSSGTQEASVLVTIQQRLSGSHSQGVAYPVRIESSSASLANGHTLDLNCLVASQAPHTITWYKRGGSLPSRHQIVGSRLRIPQVTPADSGEYVCHVSNGAGSRETSLIVTIQGSGSSHVPSVSPPIRIESSSPTVVEGQTLDLNCVVARQPQAIITWYKRGGSLPSRHQTHGSHLRLHQMSVADSGEYVCRANNNIDALEASIVISVSPSAGSPSAPGSSMPIRIESSSSHVAEGETLDLNCVVPGQAHAQVTWHKRGGSLPSHHQTRGSRLRLHHVSPADSGEYVCRVMGSSGPLEASVLVTIEASGSSAVHVPAPGGAPPIRIEPSSSRVAEGQTLDLKCVVPGQAHAQVTWHKRGGNLPARHQVHGPLLRLNQVSPADSGEYSCQVTGSSGTLEASVLVTIEPSSPGPIPAPGLAQPIYIEASSSHVTEGQTLDLNCVVPGQAHAQVTWYKRGGSLPARHQTHGSQLRLHLVSPADSGEYVCRAASGPGPEQEASFTVTVPPSEGSSYRLRSPVISIDPPSSTVQQGQDASFKCLIHDGAAPISLEWKTRNQELEDNVHISPNGSIITIVGTRPSNHGTYRCVASNAYGVAQSVVNLSVHGPPTVSVLPEGPVWVKVGKAVTLECVSAGEPRSSARWTRISSTPAKLEQRTYGLMDSHAVLQISSAKPSDAGTYVCLAQNALGTAQKQVEVIVDTGAMAPGAPQVQAEEAELTVEAGHTATLRCSATGSPAPTIHWSKLRSPLPWQHRLEGDTLIIPRVAQQDSGQYICNATSPAGHAEATIILHVESPPYATTVPEHASVQAGETVQLQCLAHGTPPLTFQWSRVGSSLPGRATARNELLHFERAAPEDSGRYRCRVTNKVGSAEAFAQLLVQGPPGSLPATSIPAGSTPTVQVTPQLETKSIGASVEFHCAVPSDRGTQLRWFKEGGQLPPGHSVQDGVLRIQNLDQSCQGTYICQAHGPWGKAQASAQLVIQALPSVLINIRTSVQTVVVGHAVEFECLALGDPKPQVTWSKVGGHLRPGIVQSGGVVRIAHVELADAGQYRCTATNAAGTTQSHVLLLVQALPQISMPQEVRVPAGSAAVFPCIASGYPTPDISWSKLDGSLPPDSRLENNMLMLPSVRPQDAGTYVCTATNRQGKVKAFAHLQVPERVVPYFTQTPYSFLPLPTIKDAYRKFEIKITFRPDSADGMLLYNGQKRVPGSPTNLANRQPDFISFGLVGGRPEFRFDAGSGMATIRHPTPLALGHFHTVTLLRSLTQGSLIVGDLAPVNGTSQGKFQGLDLNEELYLGGYPDYGAIPKAGLSSGFIGCVRELRIQGEEIVFHDLNLTAHGISHCPTCRDRPCQNGGQCHDSESSSYVCVCPAGFTGSRCEHSQALHCHPEACGPDATCVNRPDGRGYTCRCHLGRSGLRCEEGVTVTTPSLSGAGSYLALPALTNTHHELRLDVEFKPLAPDGVLLFSGGKSGPVEDFVSLAMVGGHLEFRYELGSGLAVLRSAEPLALGRWHRVSAERLNKDGSLRVNGGRPVLRSSPGKSQGLNLHTLLYLGGVEPSVPLSPATNMSAHFRGCVGEVSVNGKRLDLTYSFLGSQGIGQCYDSSPCERQPCQHGATCMPAGEYEFQCLCRDGFKGDLCEHEENPCQLREPCLHGGTCQGTRCLCLPGFSGPRCQQGSGHGIAESDWHLEGSGGNDAPGQYGAYFHDDGFLAFPGHVFSRSLPEVPETIELEVRTSTASGLLLWQGVEVGEAGQGKDFISLGLQDGHLVFRYQLGSGEARLVSEDPINDGEWHRVTALREGRRGSIQVDGEELVSGRSPGPNVAVNAKGSVYIGGAPDVATLTGGRFSSGITGCVKNLVLHSARPGAPPPQPLDLQHRAQAGANTRPCPS,4391
sp|Q00978|IRF9_HUMAN,sp|Q00978|IRF9_HUMAN Interferon regulatory factor 9 OS=Homo sapiens OX=9606 GN=IRF9 PE=1 SV=1,MASGRARCTRKLRNWVVEQVESGQFPGVCWDDTAKTMFRIPWKHAGKQDFREDQDAAFFKAWAIFKGKYKEGDTGGPAVWKTRLRCALNKSSEFKEVPERGRMDVAEPYKVYQLLPPGIVSGQPGTQKVPSKRQHSSVSSERKEEEDAMQNCTLSPSVLQDSLNNEEEGASGGAVHSDIGSSSSSSSPEPQEVTDTTEAPFQGDQRSLEFLLPPEPDYSLLLTFIYNGRVVGEAQVQSLDCRLVAEPSGSESSMEQVLFPKPGPLEPTQRLLSQLERGILVASNPRGLFVQRLCPIPISWNAPQAPPGPGPHLLPSNECVELFRTAYFCRDLVRYFQGLGPPPKFQVTLNFWEESHGSSHTPQNLITVKMEQAFARYLLEQTPEQQAAILSLV,393
sp|Q01628|IFM3_HUMAN,sp|Q01628|IFM3_HUMAN Interferon-induced transmembrane protein 3 OS=Homo sapiens OX=9606 GN=IFITM3 PE=1 SV=2,MNHTVQTFFSPVNSGQPPNYEMLKEEHEVAVLGAPHNPAPPTSTVIHIRSETSVPDHVVWSLFNTLFMNPCCLGFIAFAYSVKSRDRKMVGDVTGAQAYASTAKCLNIWALILGILMTILLIVIPVLIFQAYG,133
sp|Q01629|IFM2_HUMAN,sp|Q01629|IFM2_HUMAN Interferon-induced transmembrane protein 2 OS=Homo sapiens OX=9606 GN=IFITM2 PE=1 SV=2,MNHIVQTFSPVNSGQPPNYEMLKEEQEVAMLGVPHNPAPPMSTVIHIRSETSVPDHVVWSLFNTLFMNTCCLGFIAFAYSVKSRDRKMVGDVTGAQAYASTAKCLNIWALILGIFMTILLIIIPVLVVQAQR,132
sp|Q01955|CO4A3_HUMAN,sp|Q01955|CO4A3_HUMAN Collagen alpha-3(IV) chain OS=Homo sapiens OX=9606 GN=COL4A3 PE=1 SV=3,MSARTAPRPQVLLLPLLLVLLAAAPAASKGCVCKDKGQCFCDGAKGEKGEKGFPGPPGSPGQKGFTGPEGLPGPQGPKGFPGLPGLTGSKGVRGISGLPGFSGSPGLPGTPGNTGPYGLVGVPGCSGSKGEQGFPGLPGTLGYPGIPGAAGLKGQKGAPAKEEDIELDAKGDPGLPGAPGPQGLPGPPGFPGPVGPPGPPGFFGFPGAMGPRGPKGHMGERVIGHKGERGVKGLTGPPGPPGTVIVTLTGPDNRTDLKGEKGDKGAMGEPGPPGPSGLPGESYGSEKGAPGDPGLQGKPGKDGVPGFPGSEGVKGNRGFPGLMGEDGIKGQKGDIGPPGFRGPTEYYDTYQEKGDEGTPGPPGPRGARGPQGPSGPPGVPGSPGSSRPGLRGAPGWPGLKGSKGERGRPGKDAMGTPGSPGCAGSPGLPGSPGPPGPPGDIVFRKGPPGDHGLPGYLGSPGIPGVDGPKGEPGLLCTQCPYIPGPPGLPGLPGLHGVKGIPGRQGAAGLKGSPGSPGNTGLPGFPGFPGAQGDPGLKGEKGETLQPEGQVGVPGDPGLRGQPGRKGLDGIPGTPGVKGLPGPKGELALSGEKGDQGPPGDPGSPGSPGPAGPAGPPGYGPQGEPGLQGTQGVPGAPGPPGEAGPRGELSVSTPVPGPPGPPGPPGHPGPQGPPGIPGSLGKCGDPGLPGPDGEPGIPGIGFPGPPGPKGDQGFPGTKGSLGCPGKMGEPGLPGKPGLPGAKGEPAVAMPGGPGTPGFPGERGNSGEHGEIGLPGLPGLPGTPGNEGLDGPRGDPGQPGPPGEQGPPGRCIEGPRGAQGLPGLNGLKGQQGRRGKTGPKGDPGIPGLDRSGFPGETGSPGIPGHQGEMGPLGQRGYPGNPGILGPPGEDGVIGMMGFPGAIGPPGPPGNPGTPGQRGSPGIPGVKGQRGTPGAKGEQGDKGNPGPSEISHVIGDKGEPGLKGFAGNPGEKGNRGVPGMPGLKGLKGLPGPAGPPGPRGDLGSTGNPGEPGLRGIPGSMGNMGMPGSKGKRGTLGFPGRAGRPGLPGIHGLQGDKGEPGYSEGTRPGPPGPTGDPGLPGDMGKKGEMGQPGPPGHLGPAGPEGAPGSPGSPGLPGKPGPHGDLGFKGIKGLLGPPGIRGPPGLPGFPGSPGPMGIRGDQGRDGIPGPAGEKGETGLLRAPPGPRGNPGAQGAKGDRGAPGFPGLPGRKGAMGDAGPRGPTGIEGFPGPPGLPGAIIPGQTGNRGPPGSRGSPGAPGPPGPPGSHVIGIKGDKGSMGHPGPKGPPGTAGDMGPPGRLGAPGTPGLPGPRGDPGFQGFPGVKGEKGNPGFLGSIGPPGPIGPKGPPGVRGDPGTLKIISLPGSPGPPGTPGEPGMQGEPGPPGPPGNLGPCGPRGKPGKDGKPGTPGPAGEKGNKGSKGEPGPAGSDGLPGLKGKRGDSGSPATWTTRGFVFTRHSQTTAIPSCPEGTVPLYSGFSFLFVQGNQRAHGQDLGTLGSCLQRFTTMPFLFCNVNDVCNFASRNDYSYWLSTPALMPMNMAPITGRALEPYISRCTVCEGPAIAIAVHSQTTDIPPCPHGWISLWKGFSFIMFTSAGSEGTGQALASPGSCLEEFRASPFLECHGRGTCNYYSNSYSFWLASLNPERMFRKPIPSTVKAGELEKIISRCQVCMKKRH,1670
sp|Q02833|RASF7_HUMAN,sp|Q02833|RASF7_HUMAN Ras association domain-containing protein 7 OS=Homo sapiens OX=9606 GN=RASSF7 PE=1 SV=1,MLLGLAAMELKVWVDGIQRVVCGVSEQTTCQEVVIALAQAIGQTGRFVLVQRLREKERQLLPQECPVGAQATCGQFASDVQFVLRRTGPSLAGRPSSDSCPPPERCLIRASLPVKPRAALGCEPRKTLTPEPAPSLSRPGPAAPVTPTPGCCTDLRGLELRVQRNAEELGHEAFWEQELRREQAREREGQARLQALSAATAEHAARLQALDAQARALEAELQLAAEAPGPPSPMASATERLHQDLAVQERQSAEVQGSLALVSRALEAAERALQAQAQELEELNRELRQCNLQQFIQQTGAALPPPPRPDRGPPGTQGPLPPAREESLLGAPSESHAGAQPRPRGGPHDAELLEVAAAPAPEWCPLAAQPQAL,373
sp|Q02985|FHR3_HUMAN,sp|Q02985|FHR3_HUMAN Complement factor H-related protein 3 OS=Homo sapiens OX=9606 GN=CFHR3 PE=1 SV=2,MLLLINVILTLWVSCANGQVKPCDFPDIKHGGLFHENMRRPYFPVAVGKYYSYYCDEHFETPSGSYWDYIHCTQNGWSPAVPCLRKCYFPYLENGYNQNYGRKFVQGNSTEVACHPGYGLPKAQTTVTCTEKGWSPTPRCIRVRTCSKSDIEIENGFISESSSIYILNKEIQYKCKPGYATADGNSSGSITCLQNGWSAQPICINSSEKCGPPPPISNGDTTSFLLKVYVPQSRVEYQCQPYYELQGSNYVTCSNGEWSEPPRCIHPCIITEENMNKNNIKLKGRSDRKYYAKTGDTIEFMCKLGYNANTSILSFQAVCREGIVEYPRCE,330
sp|Q03591|FHR1_HUMAN,sp|Q03591|FHR1_HUMAN Complement factor H-related protein 1 OS=Homo sapiens OX=9606 GN=CFHR1 PE=1 SV=2,MWLLVSVILISRISSVGGEATFCDFPKINHGILYDEEKYKPFSQVPTGEVFYYSCEYNFVSPSKSFWTRITCTEEGWSPTPKCLRLCFFPFVENGHSESSGQTHLEGDTVQIICNTGYRLQNNENNISCVERGWSTPPKCRSTDTSCVNPPTVQNAHILSRQMSKYPSGERVRYECRSPYEMFGDEEVMCLNGNWTEPPQCKDSTGKCGPPPPIDNGDITSFPLSVYAPASSVEYQCQNLYQLEGNKRITCRNGQWSEPPKCLHPCVISREIMENYNIALRWTAKQKLYLRTGESAEFVCKRGYRLSSRSHTLRTTCWDGKLEYPTCAKR,330
sp|Q12918|KLRB1_HUMAN,sp|Q12918|KLRB1_HUMAN Killer cell lectin-like receptor subfamily B member 1 OS=Homo sapiens OX=9606 GN=KLRB1 PE=1 SV=1,MDQQAIYAELNLPTDSGPESSSPSSLPRDVCQGSPWHQFALKLSCAGIILLVLVVTGLSVSVTSLIQKSSIEKCSVDIQQSRNKTTERPGLLNCPIYWQQLREKCLLFSHTVNPWNNSLADCSTKESSLLLIRDKDELIHTQNLIRDKAILFWIGLNFSLSEKNWKWINGSFLNSNDLEIRGDAKENSCISISQTSVYSEYCSTEIRWICQKELTPVRNKVYPDS,225
sp|Q13410|BT1A1_HUMAN,sp|Q13410|BT1A1_HUMAN Butyrophilin subfamily 1 member A1 OS=Homo sapiens OX=9606 GN=BTN1A1 PE=1 SV=3,MAVFPSSGLPRCLLTLILLQLPKLDSAPFDVIGPPEPILAVVGEDAELPCRLSPNASAEHLELRWFRKKVSPAVLVHRDGREQEAEQMPEYRGRATLVQDGIAKGRVALRIRGVRVSDDGEYTCFFREDGSYEEALVHLKVAALGSDPHISMQVQENGEICLECTSVGWYPEPQVQWRTSKGEKFPSTSESRNPDEEGLFTVAASVIIRDTSAKNVSCYIQNLLLGQEKKVEISIPASSLPRLTPWIVAVAVILMVLGLLTIGSIFFTWRLYNERPRERRNEFSSKERLLEELKWKKATLHAVDVTLDPDTAHPHLFLYEDSKSVRLEDSRQKLPEKTERFDSWPCVLGRETFTSGRHYWEVEVGDRTDWAIGVCRENVMKKGFDPMTPENGFWAVELYGNGYWALTPLRTPLPLAGPPRRVGIFLDYESGDISFYNMNDGSDIYTFSNVTFSGPLRPFFCLWSSGKKPLTICPIADGPERVTVIANAQDLSKEIPLSPMGEDSAPRDADTLHSKLIPTQPSQGAP,526
sp|Q13609|DNSL3_HUMAN,sp|Q13609|DNSL3_HUMAN Deoxyribonuclease gamma OS=Homo sapiens OX=9606 GN=DNASE1L3 PE=1 SV=1,MSRELAPLLLLLLSIHSALAMRICSFNVRSFGESKQEDKNAMDVIVKVIKRCDIILVMEIKDSNNRICPILMEKLNRNSRRGITYNYVISSRLGRNTYKEQYAFLYKEKLVSVKRSYHYHDYQDGDADVFSREPFVVWFQSPHTAVKDFVIIPLHTTPETSVKEIDELVEVYTDVKHRWKAENFIFMGDFNAGCSYVPKKAWKNIRLRTDPRFVWLIGDQEDTTVKKSTNCAYDRIVLRGQEIVSSVVPKSNSVFDFQKAYKLTEEEALDVSDHFPVEFKLQSSRAFTNSKKSVTLRKKTKSKRS,305
sp|Q13794|APR_HUMAN,sp|Q13794|APR_HUMAN Phorbol-12-myristate-13-acetate-induced protein 1 OS=Homo sapiens OX=9606 GN=PMAIP1 PE=1 SV=1,MPGKKARKNAQPSPARAPAELEVECATQLRRFGDKLNFRQKLLNLISKLFCSGT,54
sp|Q14106|TOB2_HUMAN,sp|Q14106|TOB2_HUMAN Protein Tob2 OS=Homo sapiens OX=9606 GN=TOB2 PE=1 SV=2,MQLEIKVALNFIISYLYNKLPRRRADLFGEELERLLKKKYEGHWYPEKPLKGSGFRCVHIGEMVDPVVELAAKRSGLAVEDVRANVPEELSVWIDPFEVSYQIGEKGAVKVLYLDDSEGCGAPELDKEIKSSFNPDAQVFVPIGSQDSSLSNSPSPSFGQSPSPTFIPRSAQPITFTTASFAATKFGSTKMKKGGGAASGGGVASSGAGGQQPPQQPRMARSPTNSLLKHKSLSLSMHSLNFITANPAPQSQLSPNAKEFVYNGGGSPSLFFDAADGQGSGTPGPFGGSGAGTCNSSSFDMAQVFGGGANSLFLEKTPFVEGLSYNLNTMQYPSQQFQPVVLAN,344
sp|Q14213|IL27B_HUMAN,sp|Q14213|IL27B_HUMAN Interleukin-27 subunit beta OS=Homo sapiens OX=9606 GN=EBI3 PE=1 SV=2,MTPQLLLALVLWASCPPCSGRKGPPAALTLPRVQCRASRYPIAVDCSWTLPPAPNSTSPVSFIATYRLGMAARGHSWPCLQQTPTSTSCTITDVQLFSMAPYVLNVTAVHPWGSSSSFVPFITEHIIKPDPPEGVRLSPLAERQLQVQWEPPGSWPFPEIFSLKYWIRYKRQGAARFHRVGPIEATSFILRAVRPRARYYVQVAAQDLTDYGELSDWSLPATATMSLGK,229
sp|Q14728|MFS10_HUMAN,sp|Q14728|MFS10_HUMAN Major facilitator superfamily domain-containing protein 10 OS=Homo sapiens OX=9606 GN=MFSD10 PE=1 SV=1,MGWGGGGGCTPRPPIHQQPPERRVVTVVFLGLLLDLLAFTLLLPLLPGLLESHGRAHDPLYGSWQGGVDWFATAIGMPVEKRYNSVLFGGLIGSAFSVLQFLCAPLTGATSDCLGRRPVMLLCLMGVATSYAVWATSRSFAAFLASRLIGGISKGNVSLSTAIVADLGSPLARSQGMAVIGVAFSLGFTLGPMLGASLPLEMAPWFALLFAASDLLFIFCFLPETLPLEKRAPSIALGFRDAADLLSPLALLRFSAVARGQDPPSGDRLSSLRRLGLVYFLYLFLFSGLEYTLSFLTHQRFQFSSLQQGKMFFLIGLTMATIQGAYARRIHPGGEVAAVKRALLLLVPAFLLIGWGRSLPVLGLGLLLYSFAAAVVVPCLSSVVAGYGSPGQKGTVMGTLRSLGALARAAGPLVAASVYWLAGAQACFTTWSGLFLLPFFLLQKLSYPAQTLKAE,455
sp|Q14943|KI3S1_HUMAN,sp|Q14943|KI3S1_HUMAN Killer cell immunoglobulin-like receptor 3DS1 OS=Homo sapiens OX=9606 GN=KIR3DS1 PE=1 SV=2,MLLMVVSMACVGLFLVQRAGPHMGGQDKPFLSAWPSAVVPRGGHVTLRCHYRHRFNNFMLYKEDRIHVPIFHGRIFQEGFNMSPVTTAHAGNYTCRGSHPHSPTGWSAPSNPMVIMVTGNHRKPSLLAHPGPLVKSGERVILQCWSDIMFEHFFLHREWISKDPSRLVGQIHDGVSKANFSIGSMMRALAGTYRCYGSVTHTPYQLSAPSDPLDIVVTGLYEKPSLSAQPGPKVQAGESVTLSCSSRSSYDMYHLSREGGAHERRLPAVRKVNRTFQADFPLGPATHGGTYRCFGSFRHSPYEWSDPSDPLLVSVTGNPSSSWPSPTEPSSKSGNLRHLHILIGTSVVKIPFTILLFFLLHRWCSNKKKCCCNGPRACREQK,382
sp|Q16143|SYUB_HUMAN,sp|Q16143|SYUB_HUMAN Beta-synuclein OS=Homo sapiens OX=9606 GN=SNCB PE=1 SV=1,MDVFMKGLSMAKEGVVAAAEKTKQGVTEAAEKTKEGVLYVGSKTREGVVQGVASVAEKTKEQASHLGGAVFSGAGNIAAATGLVKREEFPTDLKPEEVAQEAAEEPLIEPLMEPEGESYEDPPQEEYQEYEPEA,134
sp|Q16515|ASIC2_HUMAN,sp|Q16515|ASIC2_HUMAN Acid-sensing ion channel 2 OS=Homo sapiens OX=9606 GN=ASIC2 PE=1 SV=1,MDLKESPSEGSLQPSSIQIFANTSTLHGIRHIFVYGPLTIRRVLWAVAFVGSLGLLLVESSERVSYYFSYQHVTKVDEVVAQSLVFPAVTLCNLNGFRFSRLTTNDLYHAGELLALLDVNLQIPDPHLADPSVLEALRQKANFKHYKPKQFSMLEFLHRVGHDLKDMMLYCKFKGQECGHQDFTTVFTKYGKCYMFNSGEDGKPLLTTVKGGTGNGLEIMLDIQQDEYLPIWGETEETTFEAGVKVQIHSQSEPPFIQELGFGVAPGFQTFVATQEQRLTYLPPPWGECRSSEMGLDFFPVYSITACRIDCETRYIVENCNCRMVHMPGDAPFCTPEQHKECAEPALGLLAEKDSNYCLCRTPCNLTRYNKELSMVKIPSKTSAKYLEKKFNKSEKYISENILVLDIFFEALNYETIEQKKAYEVAALLGDIGGQMGLFIGASILTILELFDYIYELIKEKLLDLLGKEEDEGSHDENVSTCDTMPNHSETISHTVNVPLQTTLGTLEEIAC,512
sp|Q16671|AMHR2_HUMAN,sp|Q16671|AMHR2_HUMAN Anti-Muellerian hormone type-2 receptor OS=Homo sapiens OX=9606 GN=AMHR2 PE=1 SV=1,MLGSLGLWALLPTAVEAPPNRRTCVFFEAPGVRGSTKTLGELLDTGTELPRAIRCLYSRCCFGIWNLTQDRAQVEMQGCRDSDEPGCESLHCDPSPRAHPSPGSTLFTCSCGTDFCNANYSHLPPPGSPGTPGSQGPQAAPGESIWMALVLLGLFLLLLLLLGSIILALLQRKNYRVRGEPVPEPRPDSGRDWSVELQELPELCFSQVIREGGHAVVWAGQLQGKLVAIKAFPPRSVAQFQAERALYELPGLQHDHIVRFITASRGGPGRLLSGPLLVLELHPKGSLCHYLTQYTSDWGSSLRMALSLAQGLAFLHEERWQNGQYKPGIAHRDLSSQNVLIREDGSCAIGDLGLALVLPGLTQPPAWTPTQPQGPAAIMEAGTQRYMAPELLDKTLDLQDWGMALRRADIYSLALLLWEILSRCPDLRPDSSPPPFQLAYEAELGNTPTSDELWALAVQERRRPYIPSTWRCFATDPDGLRELLEDCWDADPEARLTAECVQQRLAALAHPQESHPFPESCPRGCPPLCPEDCTSIPAPTILPCRPQRSACHFSVQQGPCSRNPQPACTLSPV,573
sp|Q5T9C2|EEIG1_HUMAN,sp|Q5T9C2|EEIG1_HUMAN Early estrogen-induced gene 1 protein OS=Homo sapiens OX=9606 GN=EEIG1 PE=1 SV=2,MAFLMKKKKFKFQTTFTLEELTAVPFVNGVLFCKVRLLDGGDFVSLSSREEVQENCVRWRKRFTFVCKMSANPATGLLDPCVFRVSVRKELKGGKAYSKLGFADLNLAEFAGSGSTVRCCLLEGYDTKNTRQDNSILKVTIGMFLLSGDPCFKTPPSTAKSISIPGQDSSLQLTCKGGGTSSGGSSTNSLTGSRPPKARPTILSSGLPEEPDQNLSSPEEVFHSGHSRNSSYASQQSKISGYSTEHSRSSSLSDLTHRRNTSTSSSASGGLGMTVEGPEGSEREHRPPEKPPRPPRPLHLSDRSFRRKKDSVESHPTWVDDTRIDADAIVEKIVQSQDFTDGSNTEDSNLRLFVSRDGSATLSGIQLATRVSSGVYEPVVIESH,384
sp|Q6DKI7|PVRIG_HUMAN,sp|Q6DKI7|PVRIG_HUMAN Transmembrane protein PVRIG OS=Homo sapiens OX=9606 GN=PVRIG PE=1 SV=1,MRTEAQVPALQPPEPGLEGAMGHRTLVLPWVLLTLCVTAGTPEVWVQVRMEATELSSFTIRCGFLGSGSISLVTVSWGGPNGAGGTTLAVLHPERGIRQWAPARQARWETQSSISLILEGSGASSPCANTTFCCKFASFPEGSWEACGSLPPSSDPGLSAPPTPAPILRADLAGILGVSGVLLFGCVYLLHLLRRHKHRPAPRLQPSRTSPQAPRARAWAPSQASQAALHVPYATINTSCRPATLDTAHPHGGPSWWASLPTHAAHRPQGPAAWASTPIPARGSFVSVENGLYAQAGERPPHTGPGLTLFPDPRGPRAMEGPLGVR,326
sp|Q6EEV6|SUMO4_HUMAN,sp|Q6EEV6|SUMO4_HUMAN Small ubiquitin-related modifier 4 OS=Homo sapiens OX=9606 GN=SUMO4 PE=1 SV=3,MANEKPTEEVKTENNNHINLKVAGQDGSVVQFKIKRQTPLSKLMKAYCEPRGLSVKQIRFRFGGQPISGTDKPAQLEMEDEDTIDVFQQPTGGVY,95
sp|Q6FI81|CPIN1_HUMAN,sp|Q6FI81|CPIN1_HUMAN Anamorsin OS=Homo sapiens OX=9606 GN=CIAPIN1 PE=1 SV=2,MADFGISAGQFVAVVWDKSSPVEALKGLVDKLQALTGNEGRVSVENIKQLLQSAHKESSFDIILSGLVPGSTTLHSAEILAEIARILRPGGCLFLKEPVETAVDNNSKVKTASKLCSALTLSGLVEVKELQREPLTPEEVQSVREHLGHESDNLLFVQITGKKPNFEVGSSRQLKLSITKKSSPSVKPAVDPAAAKLWTLSANDMEDDSMDLIDSDELLDPEDLKKPDPASLRAASCGEGKKRKACKNCTCGLAEELEKEKSREQMSSQPKSACGNCYLGDAFRCASCPYLGMPAFKPGEKVLLSDSNLHDA,312
sp|Q6PIJ6|FBX38_HUMAN,sp|Q6PIJ6|FBX38_HUMAN F-box only protein 38 OS=Homo sapiens OX=9606 GN=FBXO38 PE=1 SV=3,MGPRKKSVKTCIMNNEIPEEMTADETKDYMNQLSHEVLCHIFRYLPLQDIMCMECLSRKLKEAVTLYLRVVRVVDLCAGRWWEYMPSGFTDASFLTLLKKMPDVEQLYGLHPRYLERRRVRGHEAFSIPGVLEALQACPNLVGVETSHLELVESIWTYMPHVHILGKFRNRNGAFPIPPENKLKIPIGAKIQTLHLVGVNVPEIPCIPMLRHLYMKWVRLTKPQPFKDFLCISLRTFVMRNCAGPTNSLKYVPLVTGLASARNLEHLEMVRVPFLGGLIQHVVEDSWRSGGFRNLHTIVLGACKNALEVDLGYLIITAARRLHEVRIQPSLTKDGVFSALKMAELEFPQFETLHLGYVDEFLLQSRMANADLVKYGLADVVENPGIITDIGMKAVNEVFSCIKYLAIYNCPHLHNPYNWISDHSRWTRLVDINLVRCHALKLDSFGQFIELLPSLEFISLDQMFREPPKGCARVGLSAGTGIGVSSALVSNQNSNNDDNNAQNNNANIHDNNHHHPDDSDEENDFRQDLQPGEQQFAADALNEMEDIVQEDGEVVAESGNNTPAHSQAIIPVDVDEEQAGPSGLQRVVKPTSITVHDSESDDEEDSLELQEVWIPKNGTRRYSEREEKTGESVQSRELSVSGKGKTPLRKRYNSHQMGQSKQFPLEESSCEKGCQVTSEQIKADMKAARDIPEKKKNKDVYPSCSSTTASTVGNSSSHNTASQSPDFVRTVNSGGSSEPSPTEVDVSRQCACSPGGSEDSEAMEEGDAESSVCPRCCCHRPQESQRRTSRCSDEERPSTSRACVVNGPDGTRSAFSFRTLPQGGSSGPAHDERTNGSGSGATGEDRRGSSQPESCDVQSNEDYPRRPLTRARSRLSHVLLVSESEVAKTKPRHAMKRKRTADKSTSTSDPVIEDDHVQVLVLKSKNLVGVTMTNCGITDLVLKDCPKMMFIHATRCRVLKHLKVENAPIVNRFDYAQCKKLNMDQVLDQILRMPPERNRIIYLRPMQQVDTLTLEQKLFSGPYPYHICIIHEFSNPPNVRNKVRIRSWMDTIANINQELIKYEFFPEATRSEEDLKKYPKYPWGREIYTLEGVVDGAPYSMISDFPWLRSLRAAEPNSFARYDFEDDEESTIYAPRRKGQLSADICMETIGEEISEMRQMKKGVFQRVVAIFIHYCDVNGEPVEDDYI,1188
sp|Q6PJF5|RHDF2_HUMAN,sp|Q6PJF5|RHDF2_HUMAN Inactive rhomboid protein 2 OS=Homo sapiens OX=9606 GN=RHBDF2 PE=1 SV=2,MASADKNGGSVSSVSSSRLQSRKPPNLSITIPPPEKETQAPGEQDSMLPEGFQNRRLKKSQPRTWAAHTTACPPSFLPKRKNPAYLKSVSLQEPRSRWQESSEKRPGFRRQASLSQSIRKGAAQWFGVSGDWEGQRQQWQRRSLHHCSMRYGRLKASCQRDLELPSQEAPSFQGTESPKPCKMPKIVDPLARGRAFRHPEEMDRPHAPHPPLTPGVLSLTSFTSVRSGYSHLPRRKRMSVAHMSLQAAAALLKGRSVLDATGQRCRVVKRSFAFPSFLEEDVVDGADTFDSSFFSKEEMSSMPDDVFESPPLSASYFRGIPHSASPVSPDGVQIPLKEYGRAPVPGPRRGKRIASKVKHFAFDRKKRHYGLGVVGNWLNRSYRRSISSTVQRQLESFDSHRPYFTYWLTFVHVIITLLVICTYGIAPVGFAQHVTTQLVLRNKGVYESVKYIQQENFWVGPSSIDLIHLGAKFSPCIRKDGQIEQLVLRERDLERDSGCCVQNDHSGCIQTQRKDCSETLATFVKWQDDTGPPMDKSDLGQKRTSGAVCHQDPRTCEEPASSGAHIWPDDITKWPICTEQARSNHTGFLHMDCEIKGRPCCIGTKGSCEITTREYCEFMHGYFHEEATLCSQVHCLDKVCGLLPFLNPEVPDQFYRLWLSLFLHAGVVHCLVSVVFQMTILRDLEKLAGWHRIAIIFILSGITGNLASAIFLPYRAEVGPAGSQFGLLACLFVELFQSWPLLERPWKAFLNLSAIVLFLFICGLLPWIDNIAHIFGFLSGLLLAFAFLPYITFGTSDKYRKRALILVSLLAFAGLFAALVLWLYIYPINWPWIEHLTCFPFTSRFCEKYELDQVLH,856
sp|Q6UXB2|CXL17_HUMAN,sp|Q6UXB2|CXL17_HUMAN C-X-C motif chemokine 17 OS=Homo sapiens OX=9606 GN=CXCL17 PE=1 SV=1,MKVLISSLLLLLPLMLMSMVSSSLNPGVARGHRDRGQASRRWLQEGGQECECKDWFLRAPRRKFMTVSGLPKKQCPCDHFKGNVKKTRHQRHHRKPNKHSRACQQFLKQCQLRSFALPL,119
sp|Q70CQ1|UBP49_HUMAN,sp|Q70CQ1|UBP49_HUMAN Ubiquitin carboxyl-terminal hydrolase 49 OS=Homo sapiens OX=9606 GN=USP49 PE=1 SV=1,MDRCKHVGRLRLAQDHSILNPQKWCCLECATTESVWACLKCSHVACGRYIEDHALKHFEETGHPLAMEVRDLYVFCYLCKDYVLNDNPEGDLKLLRSSLLAVRGQKQDTPVRRGRTLRSMASGEDVVLPQRAPQGQPQMLTALWYRRQRLLARTLRLWFEKSSRGQAKLEQRRQEEALERKKEEARRRRREVKRRLLEELASTPPRKSARLLLHTPRDAGPAASRPAALPTSRRVPAATLKLRRQPAMAPGVTGLRNLGNTCYMNSILQVLSHLQKFRECFLNLDPSKTEHLFPKATNGKTQLSGKPTNSSATELSLRNDRAEACEREGFCWNGRASISRSLELIQNKEPSSKHISLCRELHTLFRVMWSGKWALVSPFAMLHSVWSLIPAFRGYDQQDAQEFLCELLHKVQQELESEGTTRRILIPFSQRKLTKQVLKVVNTIFHGQLLSQVTCISCNYKSNTIEPFWDLSLEFPERYHCIEKGFVPLNQTECLLTEMLAKFTETEALEGRIYACDQCNSKRRKSNPKPLVLSEARKQLMIYRLPQVLRLHLKRFRWSGRNHREKIGVHVVFDQVLTMEPYCCRDMLSSLDKETFAYDLSAVVMHHGKGFGSGHYTAYCYNTEGGFWVHCNDSKLNVCSVEEVCKTQAYILFYTQRTVQGNARISETHLQAQVQSSNNDEGRPQTFS,688
sp|Q86V86|PIM3_HUMAN,sp|Q86V86|PIM3_HUMAN Serine/threonine-protein kinase pim-3 OS=Homo sapiens OX=9606 GN=PIM3 PE=1 SV=3,MLLSKFGSLAHLCGPGGVDHLPVKILQPAKADKESFEKAYQVGAVLGSGGFGTVYAGSRIADGLPVAVKHVVKERVTEWGSLGGATVPLEVVLLRKVGAAGGARGVIRLLDWFERPDGFLLVLERPEPAQDLFDFITERGALDEPLARRFFAQVLAAVRHCHSCGVVHRDIKDENLLVDLRSGELKLIDFGSGALLKDTVYTDFDGTRVYSPPEWIRYHRYHGRSATVWSLGVLLYDMVCGDIPFEQDEEILRGRLLFRRRVSPECQQLIRWCLSLRPSERPSLDQIAAHPWMLGADGGVPESCDLRLCTLDPDDVASTTSSSESL,326
sp|Q86VB7|C163A_HUMAN,sp|Q86VB7|C163A_HUMAN Scavenger receptor cysteine-rich type 1 protein M130 OS=Homo sapiens OX=9606 GN=CD163 PE=1 SV=2,MSKLRMVLLEDSGSADFRRHFVNLSPFTITVVLLLSACFVTSSLGGTDKELRLVDGENKCSGRVEVKVQEEWGTVCNNGWSMEAVSVICNQLGCPTAIKAPGWANSSAGSGRIWMDHVSCRGNESALWDCKHDGWGKHSNCTHQQDAGVTCSDGSNLEMRLTRGGNMCSGRIEIKFQGRWGTVCDDNFNIDHASVICRQLECGSAVSFSGSSNFGEGSGPIWFDDLICNGNESALWNCKHQGWGKHNCDHAEDAGVICSKGADLSLRLVDGVTECSGRLEVRFQGEWGTICDDGWDSYDAAVACKQLGCPTAVTAIGRVNASKGFGHIWLDSVSCQGHEPAIWQCKHHEWGKHYCNHNEDAGVTCSDGSDLELRLRGGGSRCAGTVEVEIQRLLGKVCDRGWGLKEADVVCRQLGCGSALKTSYQVYSKIQATNTWLFLSSCNGNETSLWDCKNWQWGGLTCDHYEEAKITCSAHREPRLVGGDIPCSGRVEVKHGDTWGSICDSDFSLEAASVLCRELQCGTVVSILGGAHFGEGNGQIWAEEFQCEGHESHLSLCPVAPRPEGTCSHSRDVGVVCSRYTEIRLVNGKTPCEGRVELKTLGAWGSLCNSHWDIEDAHVLCQQLKCGVALSTPGGARFGKGNGQIWRHMFHCTGTEQHMGDCPVTALGASLCPSEQVASVICSGNQSQTLSSCNSSSLGPTRPTIPEESAVACIESGQLRLVNGGGRCAGRVEIYHEGSWGTICDDSWDLSDAHVVCRQLGCGEAINATGSAHFGEGTGPIWLDEMKCNGKESRIWQCHSHGWGQQNCRHKEDAGVICSEFMSLRLTSEASREACAGRLEVFYNGAWGTVGKSSMSETTVGVVCRQLGCADKGKINPASLDKAMSIPMWVDNVQCPKGPDTLWQCPSSPWEKRLASPSEETWITCDNKIRLQEGPTSCSGRVEIWHGGSWGTVCDDSWDLDDAQVVCQQLGCGPALKAFKEAEFGQGTGPIWLNEVKCKGNESSLWDCPARRWGHSECGHKEDAAVNCTDISVQKTPQKATTGRSSRQSSFIAVGILGVVLLAIFVALFFLTKKRRQRQRLAVSSRGENLVHQIQYREMNSCLNADDLDLMNSSENSHESADFSAAELISVSKFLPISGMEKEAILSHTEKENGNL,1156
sp|Q8NEV9|IL27A_HUMAN,sp|Q8NEV9|IL27A_HUMAN Interleukin-27 subunit alpha OS=Homo sapiens OX=9606 GN=IL27 PE=1 SV=2,MGQTAGDLGWRLSLLLLPLLLVQAGVWGFPRPPGRPQLSLQELRREFTVSLHLARKLLSEVRGQAHRFAESHLPGVNLYLLPLGEQLPDVSLTFQAWRRLSDPERLCFISTTLQPFHALLGGLGTQGRWTNMERMQLWAMRLDLRDLQRHLRFQVLAAGFNLPEEEEEEEEEEEEERKGLLPGALGSALQGPAQVSWPQLLSTYRLLHSLELVLSRAVRELLLLSKAGHSVWPLGFPTLSPQP,243
sp|Q8NFM4|ADCY4_HUMAN,sp|Q8NFM4|ADCY4_HUMAN Adenylate cyclase type 4 OS=Homo sapiens OX=9606 GN=ADCY4 PE=1 SV=1,MARLFSPRPPPSEDLFYETYYSLSQQYPLLLLLLGIVLCALAALLAVAWASGRELTSDPSFLTTVLCALGGFSLLLGLASREQRLQRWTRPLSGLVWVALLALGHAFLFTGGVVSAWDQVSYFLFVIFTAYAMLPLGMRDAAVAGLASSLSHLLVLGLYLGPQPDSRPALLPQLAANAVLFLCGNVAGVYHKALMERALRATFREALSSLHSRRRLDTEKKHQEHLLLSILPAYLAREMKAEIMARLQAGQGSRPESTNNFHSLYVKRHQGVSVLYADIVGFTRLASECSPKELVLMLNELFGKFDQIAKEHECMRIKILGDCYYCVSGLPLSLPDHAINCVRMGLDMCRAIRKLRAATGVDINMRVGVHSGSVLCGVIGLQKWQYDVWSHDVTLANHMEAGGVPGRVHITGATLALLAGAYAVEDAGMEHRDPYLRELGEPTYLVIDPRAEEEDEKGTAGGLLSSLEGLKMRPSLLMTRYLESWGAAKPFAHLSHGDSPVSTSTPLPEKTLASFSTQWSLDRSRTPRGLDDELDTGDAKFFQVIEQLNSQKQWKQSKDFNPLTLYFREKEMEKEYRLSAIPAFKYYEACTFLVFLSNFIIQMLVTNRPPALAITYSITFLLFLLILFVCFSEDLMRCVLKGPKMLHWLPALSGLVATRPGLRIALGTATILLVFAMAITSLFFFPTSSDCPFQAPNVSSMISNLSWELPGSLPLISVPYSMHCCTLGFLSCSLFLHMSFELKLLLLLLWLAASCSLFLHSHAWLSECLIVRLYLGPLDSRPGVLKEPKLMGAISFFIFFFTLLVLARQNEYYCRLDFLWKKKLRQEREETETMENLTRLLLENVLPAHVAPQFIGQNRRNEDLYHQSYECVCVLFASVPDFKEFYSESNINHEGLECLRLLNEIIADFDELLSKPKFSGVEKIKTIGSTYMAATGLNATSGQDAQQDAERSCSHLGTMVEFAVALGSKLDVINKHSFNNFRLRVGLNHGPVVAGVIGAQKPQYDIWGNTVNVASRMESTGVLGKIQVTEETAWALQSLGYTCYSRGVIKVKGKGQLCTYFLNTDLTRTGPPSATLG,1077
sp|Q8WV24|PHLA1_HUMAN,sp|Q8WV24|PHLA1_HUMAN Pleckstrin homology-like domain family A member 1 OS=Homo sapiens OX=9606 GN=PHLDA1 PE=1 SV=4,MRRAPAAERLLELGFPPRCGRQEPPFPLGVTRGWGRWPIQKRREGARPVPFSERSQEDGRGPAARSSGTLWRIRTRLSLCRDPEPPPPLCLLRVSLLCALRAGGRGSRWGEDGARLLLLPPARAAGNGEAEPSGGPSYAGRMLESSGCKALKEGVLEKRSDGLLQLWKKKCCILTEEGLLLIPPKQLQHQQQQQQQQQQQQQQQPGQGPAEPSQPSGPAVASLEPPVKLKELHFSNMKTVDCVERKGKYMYFTVVMAEGKEIDFRCPQDQGWNAEITLQMVQYKNRQAILAVKSTRQKQQHLVQQQPPSQPQPQPQLQPQPQPQPQPQPQPQSQPQPQPQPKPQPQQLHPYPHPHPHPHSHPHSHPHPHPHPHPHQIPHPHPQPHSQPHGHRLLRSTSNSA,401
sp|Q8WYP3|RIN2_HUMAN,sp|Q8WYP3|RIN2_HUMAN Ras and Rab interactor 2 OS=Homo sapiens OX=9606 GN=RIN2 PE=1 SV=1,MTAWTMGARGLDKRGSFFKLIDTIASEIGELKQEMVRTDVNLENGLEPAETHSMVRHKDGGYSEEEDVKTCARDSGYDSLSNRLSILDRLLHTHPIWLQLSLSEEEAAEVLQAQPPGIFLVHKSTKMQKKVLSLRLPCEFGAPLKEFAIKESTYTFSLEGSGISFADLFRLIAFYCISRDVLPFTLKLPYAISTAKSEAQLEELAQMGLNFWSSPADSKPPNLPPPHRPLSSDGVCPASLRQLCLINGVHSIKTRTPSELECSQTNGALCFINPLFLKVHSQDLSGGLKRPSTRTPNANGTERTRSPPPRPPPPAINSLHTSPRLARTETQTSMPETVNHNKHGNVALPGTKPTPIPPPRLKKQASFLEAEGGAKTLSGGRPGAGPELELGTAGSPGGAPPEAAPGDCTRAPPPSSESRPPCHGGRQRLSDMSISTSSSDSLEFDRSMPLFGYEADTNSSLEDYEGESDQETMAPPIKSKKKRSSSFVLPKLVKSQLQKVSGVFSSFMTPEKRMVRRIAELSRDKCTYFGCLVQDYVSFLQENKECHVSSTDMLQTIRQFMTQVKNYLSQSSELDPPIESLIPEDQIDVVLEKAMHKCILKPLKGHVEAMLKDFHMADGSWKQLKENLQLVRQRNPQELGVFAPTPDFVDVEKIKVKFMTMQKMYSPEKKVMLLLRVCKLIYTVMENNSGRMYGADDFLPVLTYVIAQCDMLELDTEIEYMMELLDPSLLHGEGGYYLTSAYGALSLIKNFQEEQAARLLSSETRDTLRQWHKRRTTNRTIPSVDDFQNYLRVAFQEVNSGCTGKTLLVRPYITTEDVCQICAEKFKVGDPEEYSLFLFVDETWQQLAEDTYPQKIKAELHSRPQPHIFHFVYKRIKNDPYGIIFQNGEEDLTTS,895
sp|Q92934|BAD_HUMAN,sp|Q92934|BAD_HUMAN Bcl2-associated agonist of cell death OS=Homo sapiens OX=9606 GN=BAD PE=1 SV=3,MFQIPEFEPSEQEDSSSAERGLGPSPAGDGPSGSGKHHRQAPGLLWDASHQQEQPTSSSHHGGAGAVEIRSRHSSYPAGTEDDEGMGEEPSPFRGRSRSAPPNLWAAQRYGRELRRMSDEFVDSFKKGLPRPKSAGTATQMRQSSSWTRVFQSWWDRNLGRGSSAPSQ,168
sp|Q96CA5|BIRC7_HUMAN,sp|Q96CA5|BIRC7_HUMAN Baculoviral IAP repeat-containing protein 7 OS=Homo sapiens OX=9606 GN=BIRC7 PE=1 SV=2,MGPKDSAKCLHRGPQPSHWAAGDGPTQERCGPRSLGSPVLGLDTCRAWDHVDGQILGQLRPLTEEEEEEGAGATLSRGPAFPGMGSEELRLASFYDWPLTAEVPPELLAAAGFFHTGHQDKVRCFFCYGGLQSWKRGDDPWTEHAKWFPSCQFLLRSKGRDFVHSVQETHSQLLGSWDPWEEPEDAAPVAPSVPASGYPELPTPRREVQSESAQEPGGVSPAEAQRAWWVLEPPGARDVEAQLRRLQEERTCKVCLDRAVSIVFVPCGHLVCAECAPGLQLCPICRAPVRSRVRTFLS,298
sp|Q96D15|RCN3_HUMAN,sp|Q96D15|RCN3_HUMAN Reticulocalbin-3 OS=Homo sapiens OX=9606 GN=RCN3 PE=1 SV=1,MMWRPSVLLLLLLLRHGAQGKPSPDAGPHGQGRVHQAAPLSDAPHDDAHGNFQYDHEAFLGREVAKEFDQLTPEESQARLGRIVDRMDRAGDGDGWVSLAELRAWIAHTQQRHIRDSVSAAWDTYDTDRDGRVGWEELRNATYGHYAPGEEFHDVEDAETYKKMLARDERRFRVADQDGDSMATREELTAFLHPEEFPHMRDIVIAETLEDLDRNKDGYVQVEEYIADLYSAEPGEEEPAWVQTERQQFRDFRDLNKDGHLDGSEVGHWVLPPAQDQPLVEANHLLHESDTDKDGRLSKAEILGNWNMFVGSQATNYGEDLTRHHDEL,328
sp|Q96EX2|RNFT2_HUMAN,sp|Q96EX2|RNFT2_HUMAN E3 ubiquitin-protein ligase RNFT2 OS=Homo sapiens OX=9606 GN=RNFT2 PE=1 SV=2,MWLFTVNQVLRKMQRRHSSNTDNIPPERNRSQALSSEASVDEGGVFESLKAEAASPPALFSGLSGSLPTSSFPSSLVLGSSAGGGDVFIQMPASREEGGGRGEGGAYHHRQPHHHFHHGGHRGGSLLQHVGGDHRGHSEEGGDEQPGTPAPALSELKAVICWLQKGLPFILILLAKLCFQHKLGIAVCIGMASTFAYANSTLREQVSLKEKRSVLVILWILAFLAGNTLYVLYTFSSQQLYNSLIFLKPNLEMLDFFDLLWIVGIADFVLKYITIALKCLIVALPKIILAVKSKGKFYLVIEELSQLFRSLVPIQLWYKYIMGDDSSNSYFLGGVLIVLYSLCKSFDICGRVGGVRKALKLLCTSQNYGVRATGQQCTEAGDICAICQAEFREPLILLCQHVFCEECLCLWLDRERTCPLCRSVAVDTLRCWKDGATSAHFQVY,444
sp|Q96JP5|ZFP91_HUMAN,sp|Q96JP5|ZFP91_HUMAN E3 ubiquitin-protein ligase ZFP91 OS=Homo sapiens OX=9606 GN=ZFP91 PE=1 SV=1,MPGETEEPRPPEQQDQEGGEAAKAAPEEPQQRPPEAVAAAPAGTTSSRVLRGGRDRGRAAAAAAAAAVSRRRKAEYPRRRRSSPSARPPDVPGQQPQAAKSPSPVQGKKSPRLLCIEKVTTDKDPKEEKEEEDDSALPQEVSIAASRPSRGWRSSRTSVSRHRDTENTRSSRSKTGSLQLICKSEPNTDQLDYDVGEEHQSPGGISSEEEEEEEEEMLISEEEIPFKDDPRDETYKPHLERETPKPRRKSGKVKEEKEKKEIKVEVEVEVKEEENEIREDEEPPRKRGRRRKDDKSPRLPKRRKKPPIQYVRCEMEGCGTVLAHPRYLQHHIKYQHLLKKKYVCPHPSCGRLFRLQKQLLRHAKHHTDQRDYICEYCARAFKSSHNLAVHRMIHTGEKPLQCEICGFTCRQKASLNWHMKKHDADSFYQFSCNICGKKFEKKDSVVAHKAKSHPEVLIAEALAANAGALITSTDILGTNPESLTQPSDGQGLPLLPEPLGNSTSGECLLLEAEGMSKSYCSGTERVSLMADGKIFVGSGSSGGTEGLVMNSDILGATTEVLIEDSDSAGP,570
sp|Q96P53|WDFY2_HUMAN,sp|Q96P53|WDFY2_HUMAN WD repeat and FYVE domain-containing protein 2 OS=Homo sapiens OX=9606 GN=WDFY2 PE=1 SV=2,MAAEIQPKPLTRKPILLQRMEGSQEVVNMAVIVPKEEGVISVSEDRTVRVWLKRDSGQYWPSVYHAMPSPCSCMSFNPETRRLSIGLDNGTISEFILSEDYNKMTPVKNYQAHQSRVTMILFVLELEWVLSTGQDKQFAWHCSESGQRLGGYRTSAVASGLQFDVETRHVFIGDHSGQVTILKLEQENCTLVTTFRGHTGGVTALCWDPVQRVLFSGSSDHSVIMWDIGGRKGTAIELQGHNDRVQALSYAQHTRQLISCGGDGGIVVWNMDVERQETPEWLDSDSCQKCDQPFFWNFKQMWDSKKIGLRQHHCRKCGKAVCGKCSSKRSSIPLMGFEFEVRVCDSCHEAITDEERAPTATFHDSKHNIVHVHFDATRGWLLTSGTDKVIKLWDMTPVVS,400
sp|Q99576|T22D3_HUMAN,sp|Q99576|T22D3_HUMAN TSC22 domain family protein 3 OS=Homo sapiens OX=9606 GN=TSC22D3 PE=1 SV=2,MNTEMYQTPMEVAVYQLHNFSISFFSSLLGGDVVSVKLDNSASGASVVAIDNKIEQAMDLVKNHLMYAVREEVEILKEQIRELVEKNSQLERENTLLKTLASPEQLEKFQSCLSPEEPAPESPQVPEAPGGSAV,134
sp|Q99969|RARR2_HUMAN,sp|Q99969|RARR2_HUMAN Retinoic acid receptor responder protein 2 OS=Homo sapiens OX=9606 GN=RARRES2 PE=1 SV=1,MRRLLIPLALWLGAVGVGVAELTEAQRRGLQVALEEFHKHPPVQWAFQETSVESAVDTPFPAGIFVRLEFKLQQTSCRKRDWKKPECKVRPNGRKRKCLACIKLGSEDKVLGRLVHCPIETQVLREAEEHQETQCLRVQRAGEDPHSFYFPGQFAFSKALPRS,163
sp|Q9BRG2|SH23A_HUMAN,sp|Q9BRG2|SH23A_HUMAN SH2 domain-containing protein 3A OS=Homo sapiens OX=9606 GN=SH2D3A PE=1 SV=1,MQVPQDGEDLAGQPWYHGLLSRQKAEALLQQNGDFLVRASGSRGGNPVISCRWRGSALHFEVFRVALRPRPGRPTALFQLEDEQFPSIPALVHSYMTGRRPLSQATGAVVSRPVTWQGPLRRSFSEDTLMDGPARIEPLRARKWSNSQPADLAHMGRSREDPAGMEASTMPISALPRTSSDPVLLKAPAPLGTVADSLRASDGQLQAKAPTKPPRTPSFELPDASERPPTYCELVPRVPSVQGTSPSQSCPEPEAPWWEAEEDEEEENRCFTRPQAEISFCPHDAPSCLLGPQNRPLEPQVLHTLRGLFLEHHPGSTALHLLLVDCQATGLLGVTRDQRGNMGVSSGLELLTLPHGHHLRLELLERHQTLALAGALAVLGCSGPLEERAAALRGLVELALALRPGAAGDLPGLAAVMGALLMPQVSRLEHTWRQLRRSHTEAALAFEQELKPLMRALDEGAGPCDPGEVALPHVAPMVRLLEGEEVAGPLDESCERLLRTLHGARHMVRDAPKFRKVAAQRLRGFRPNPELREALTTGFVRRLLWGSRGAGAPRAERFEKFQRVLGVLSQRLEPDR,576
sp|Q9BRX8|PXL2A_HUMAN,sp|Q9BRX8|PXL2A_HUMAN Peroxiredoxin-like 2A OS=Homo sapiens OX=9606 GN=PRXL2A PE=1 SV=3,MSFLQDPSFFTMGMWSIGAGALGAAALALLLANTDVFLSKPQKAALEYLEDIDLKTLEKEPRTFKAKELWEKNGAVIMAVRRPGCFLCREEAADLSSLKSMLDQLGVPLYAVVKEHIRTEVKDFQPYFKGEIFLDEKKKFYGPQRRKMMFMGFIRLGVWYNFFRAWNGGFSGNLEGEGFILGGVFVVGSGKQGILLEHREKEFGDKVNLLSVLEAAKMIKPQTLASEKK,229
sp|Q9BXC0|HCAR1_HUMAN,sp|Q9BXC0|HCAR1_HUMAN Hydroxycarboxylic acid receptor 1 OS=Homo sapiens OX=9606 GN=HCAR1 PE=1 SV=1,MYNGSCCRIEGDTISQVMPPLLIVAFVLGALGNGVALCGFCFHMKTWKPSTVYLFNLAVADFLLMICLPFRTDYYLRRRHWAFGDIPCRVGLFTLAMNRAGSIVFLTVVAADRYFKVVHPHHAVNTISTRVAAGIVCTLWALVILGTVYLLLENHLCVQETAVSCESFIMESANGWHDIMFQLEFFMPLGIILFCSFKIVWSLRRRQQLARQARMKKATRFIMVVAIVFITCYLPSVSARLYFLWTVPSSACDPSVHGALHITLSFTYMNSMLDPLVYYFSSPSFPKFYNKLKICSLKPKQPGHSKTQRPEEMPISNLGRRSCISVANSFQSQSDGQWDPHIVEWH,346
sp|Q9BXC1|GP174_HUMAN,sp|Q9BXC1|GP174_HUMAN Probable G-protein coupled receptor 174 OS=Homo sapiens OX=9606 GN=GPR174 PE=1 SV=1,MPANYTCTRPDGDNTDFRYFIYAVTYTVILVPGLIGNILALWVFYGYMKETKRAVIFMINLAIADLLQVLSLPLRIFYYLNHDWPFGPGLCMFCFYLKYVNMYASIYFLVCISVRRFWFLMYPFRFHDCKQKYDLYISIAGWLIICLACVLFPLLRTSDDTSGNRTKCFVDLPTRNVNLAQSVVMMTIGELIGFVTPLLIVLYCTWKTVLSLQDKYPMAQDLGEKQKALKMILTCAGVFLICFAPYHFSFPLDFLVKSNEIKSCLARRVILIFHSVALCLASLNSCLDPVIYYFSTNEFRRRLSRQDLHDSIQLHAKSFVSNHTASTMTPELC,333
sp|Q9BXJ3|C1QT4_HUMAN,sp|Q9BXJ3|C1QT4_HUMAN Complement C1q tumor necrosis factor-related protein 4 OS=Homo sapiens OX=9606 GN=C1QTNF4 PE=1 SV=2,MLPLLLGLLGPAACWALGPTPGPGSSELRSAFSAARTTPLEGTSEMAVTFDKVYVNIGGDFDVATGQFRCRVPGAYFFSFTAGKAPHKSLSVMLVRNRDEVQALAFDEQRRPGARRAASQSAMLQLDYGDTVWLRLHGAPQYALGAPGATFSGYLVYADADADAPARGPPAPPEPRSAFSAARTRSLVGSDAGPGPRHQPLAFDTEFVNIGGDFDAAAGVFRCRLPGAYFFSFTLGKLPRKTLSVKLMKNRDEVQAMIYDDGASRRREMQSQSVMLALRRGDAVWLLSHDHDGYGAYSNHGKYITFSGFLVYPDLAPAAPPGLGASELL,329
sp|Q9BYN0|SRXN1_HUMAN,sp|Q9BYN0|SRXN1_HUMAN Sulfiredoxin-1 OS=Homo sapiens OX=9606 GN=SRXN1 PE=1 SV=2,MGLRAGGTLGRAGAGRGAPEGPGPSGGAQGGSIHSGRIAAVHNVPLSVLIRPLPSVLDPAKVQSLVDTIREDPDSVPPIDVLWIKGAQGGDYFYSFGGCHRYAAYQQLQRETIPAKLVQSTLSDLRVYLGASTPDLQ,137
sp|Q9GZX9|TWSG1_HUMAN,sp|Q9GZX9|TWSG1_HUMAN Twisted gastrulation protein homolog 1 OS=Homo sapiens OX=9606 GN=TWSG1 PE=1 SV=1,MKLHYVAVLTLAILMFLTWLPESLSCNKALCASDVSKCLIQELCQCRPGEGNCSCCKECMLCLGALWDECCDCVGMCNPRNYSDTPPTSKSTVEELHEPIPSLFRALTEGDTQLNWNIVSFPVAEELSHHENLVSFLETVNQPHHQNVSVPSNNVHAPYSSDKEHMCTVVYFDDCMSIHQCKISCESMGASKYRWFHNACCECIGPECIDYGSKTVKCMNCMF,223
sp|Q9HC24|LFG4_HUMAN,sp|Q9HC24|LFG4_HUMAN Protein lifeguard 4 OS=Homo sapiens OX=9606 GN=TMBIM4 PE=1 SV=3,MADPDPRYPRSSIEDDFNYGSSVASATVHIRMAFLRKVYSILSLQVLLTTVTSTVFLYFESVRTFVHESPALILLFALGSLGLIFALILNRHKYPLNLYLLFGFTLLEALTVAVVVTFYDVYIILQAFILTTTVFFGLTVYTLQSKKDFSKFGAGLFALLWILCLSGFLKFFFYSEIMELVLAAAGALLFCGFIIYDTHSLMHKLSPEEYVLAAISLYLDIINLFLHLLRFLEAVNKK,238
sp|Q9HCU9|BRMS1_HUMAN,sp|Q9HCU9|BRMS1_HUMAN Breast cancer metastasis-suppressor 1 OS=Homo sapiens OX=9606 GN=BRMS1 PE=1 SV=1,MPVQPPSKDTEEMEAEGDSAAEMNGEEEESEEERSGSQTESEEESSEMDDEDYERRRSECVSEMLDLEKQFSELKEKLFRERLSQLRLRLEEVGAERAPEYTEPLGGLQRSLKIRIQVAGIYKGFCLDVIRNKYECELQGAKQHLESEKLLLYDTLQGELQERIQRLEEDRQSLDLSSEWWDDKLHARGSSRSWDSLPPSKRKKAPLVSGPYIVYMLQEIDILEDWTAIKKARAAVSPQKRKSDGP,246
sp|Q9NR99|MXRA5_HUMAN,sp|Q9NR99|MXRA5_HUMAN Matrix-remodeling-associated protein 5 OS=Homo sapiens OX=9606 GN=MXRA5 PE=1 SV=3,MPKRAHWGALSVVLILLWGHPRVALACPHPCACYVPSEVHCTFRSLASVPAGIAKHVERINLGFNSIQALSETSFAGLTKLELLMIHGNEIPSIPDGALRDLSSLQVFKFSYNKLRVITGQTLQGLSNLMRLHIDHNKIEFIHPQAFNGLTSLRLLHLEGNLLHQLHPSTFSTFTFLDYFRLSTIRHLYLAENMVRTLPASMLRNMPLLENLYLQGNPWTCDCEMRWFLEWDAKSRGILKCKKDKAYEGGQLCAMCFSPKKLYKHEIHKLKDMTCLKPSIESPLRQNRSRSIEEEQEQEEDGGSQLILEKFQLPQWSISLNMTDEHGNMVNLVCDIKKPMDVYKIHLNQTDPPDIDINATVALDFECPMTRENYEKLWKLIAYYSEVPVKLHRELMLSKDPRVSYQYRQDADEEALYYTGVRAQILAEPEWVMQPSIDIQLNRRQSTAKKVLLSYYTQYSQTISTKDTRQARGRSWVMIEPSGAVQRDQTVLEGGPCQLSCNVKASESPSIFWVLPDGSILKAPMDDPDSKFSILSSGWLRIKSMEPSDSGLYQCIAQVRDEMDRMVYRVLVQSPSTQPAEKDTVTIGKNPGESVTLPCNALAIPEAHLSWILPNRRIINDLANTSHVYMLPNGTLSIPKVQVSDSGYYRCVAVNQQGADHFTVGITVTKKGSGLPSKRGRRPGAKALSRVREDIVEDEGGSGMGDEENTSRRLLHPKDQEVFLKTKDDAINGDKKAKKGRRKLKLWKHSEKEPETNVAEGRRVFESRRRINMANKQINPERWADILAKVRGKNLPKGTEVPPLIKTTSPPSLSLEVTPPFPAISPPSASPVQTVTSAEESSADVPLLGEEEHVLGTISSASMGLEHNHNGVILVEPEVTSTPLEEVVDDLSEKTEEITSTEGDLKGTAAPTLISEPYEPSPTLHTLDTVYEKPTHEETATEGWSAADVGSSPEPTSSEYEPPLDAVSLAESEPMQYFDPDLETKSQPDEDKMKEDTFAHLTPTPTIWVNDSSTSQLFEDSTIGEPGVPGQSHLQGLTDNIHLVKSSLSTQDTLLIKKGMKEMSQTLQGGNMLEGDPTHSRSSESEGQESKSITLPDSTLGIMSSMSPVKKPAETTVGTLLDKDTTTATTTPRQKVAPSSTMSTHPSRRRPNGRRRLRPNKFRHRHKQTPPTTFAPSETFSTQPTQAPDIKISSQVESSLVPTAWVDNTVNTPKQLEMEKNAEPTSKGTPRRKHGKRPNKHRYTPSTVSSRASGSKPSPSPENKHRNIVTPSSETILLPRTVSLKTEGPYDSLDYMTTTRKIYSSYPKVQETLPVTYKPTSDGKEIKDDVATNVDKHKSDILVTGESITNAIPTSRSLVSTMGEFKEESSPVGFPGTPTWNPSRTAQPGRLQTGIPVTTSGENLTDPPLLKELEDVDFTSEFLSSLTVSTPFHQEEAGSSTTLSSIKVEVASSQAETTTLDQDHLETTVAILLSETRPQNHTPTAARMKEPASSSPSTILMSLGQTTTTKPALPSPRISQASRDSKENVFLNYVGNPETEATPVNNEGTQHMSGPNELSTPSSDQDAFNLSTKLELEKQVFGSRSLPRGPDSQRQDGRVHASHQLTRVPAKPILPTATVRLPEMSTQSASRYFVTSQSPRHWTNKPEITTYPSGALPENKQFTTPRLSSTTIPLPLHMSKPSIPSKFTDRRTDQFNGYSKVFGNNNIPEARNPVGKPPSPRIPHYSNGRLPFFTNKTLSFPQLGVTRRPQIPTSPAPVMRERKVIPGSYNRIHSHSTFHLDFGPPAPPLLHTPQTTGSPSTNLQNIPMVSSTQSSISFITSSVQSSGSFHQSSSKFFAGGPPASKFWSLGEKPQILTKSPQTVSVTAETDTVFPCEATGKPKPFVTWTKVSTGALMTPNTRIQRFEVLKNGTLVIRKVQVQDRGQYMCTASNLHGLDRMVVLLSVTVQQPQILASHYQDVTVYLGDTIAMECLAKGTPAPQISWIFPDRRVWQTVSPVEGRITLHENRTLSIKEASFSDRGVYKCVASNAAGADSLAIRLHVAALPPVIHQEKLENISLPPGLSIHIHCTAKAAPLPSVRWVLGDGTQIRPSQFLHGNLFVFPNGTLYIRNLAPKDSGRYECVAANLVGSARRTVQLNVQRAAANARITGTSPRRTDVRYGGTLKLDCSASGDPWPRILWRLPSKRMIDALFSFDSRIKVFANGTLVVKSVTDKDAGDYLCVARNKVGDDYVVLKVDVVMKPAKIEHKEENDHKVFYGGDLKVDCVATGLPNPEISWSLPDGSLVNSFMQSDDSGGRTKRYVVFNNGTLYFNEVGMREEGDYTCFAENQVGKDEMRVRVKVVTAPATIRNKTYLAVQVPYGDVVTVACEAKGEPMPKVTWLSPTNKVIPTSSEKYQIYQDGTLLIQKAQRSDSGNYTCLVRNSAGEDRKTVWIHVNVQPPKINGNPNPITTVREIAAGGSRKLIDCKAEGIPTPRVLWAFPEGVVLPAPYYGNRITVHGNGSLDIRSLRKSDSVQLVCMARNEGGEARLILQLTVLEPMEKPIFHDPISEKITAMAGHTISLNCSAAGTPTPSLVWVLPNGTDLQSGQQLQRFYHKADGMLHISGLSSVDAGAYRCVARNAAGHTERLVSLKVGLKPEANKQYHNLVSIINGETLKLPCTPPGAGQGRFSWTLPNGMHLEGPQTLGRVSLLDNGTLTVREASVFDRGTYVCRMETEYGPSVTSIPVIVIAYPPRITSEPTPVIYTRPGNTVKLNCMAMGIPKADITWELPDKSHLKAGVQARLYGNRFLHPQGSLTIQHATQRDAGFYKCMAKNILGSDSKTTYIHVF,2828
sp|Q9NVP2|ASF1B_HUMAN,sp|Q9NVP2|ASF1B_HUMAN Histone chaperone ASF1B OS=Homo sapiens OX=9606 GN=ASF1B PE=1 SV=1,MAKVSVLNVAVLENPSPFHSPFRFEISFECSEALADDLEWKIIYVGSAESEEFDQILDSVLVGPVPAGRHMFVFQADAPNPSLIPETDAVGVTVVLITCTYHGQEFIRVGYYVNNEYLNPELRENPPMKPDFSQLQRNILASNPRVTRFHINWDNNMDRLEAIETQDPSLGCGLPLNCTPIKGLGLPGCIPGLLPENSMDCI,202
sp|Q9NWR8|MCUB_HUMAN,"sp|Q9NWR8|MCUB_HUMAN Calcium uniporter regulatory subunit MCUb, mitochondrial OS=Homo sapiens OX=9606 GN=MCUB PE=1 SV=2",MLQRGLWPWRTRLLPTPGTWRPARPWPLPPPPQVLRVKLCGNVKYYQSHHYSTVVPPDEITVIYRHGLPLVTLTLPSRKERCQFVVKPMLSTVGSFLQDLQNEDKGIKTAAIFTADGNMISASTLMDILLMNDFKLVINKIAYDVQCPKREKPSNEHTAEMEHMKSLVHRLFTILHLEESQKKREHHLLEKIDHLKEQLQPLEQVKAGIEAHSEAKTSGLLWAGLALLSIQGGALAWLTWWVYSWDIMEPVTYFITFANSMVFFAYFIVTRQDYTYSAVKSRQFLQFFHKKSKQQHFDVQQYNKLKEDLAKAKESLKQARHSLCLQMQVEELNEKN,336
sp|Q9NY30|BTG4_HUMAN,sp|Q9NY30|BTG4_HUMAN Protein BTG4 OS=Homo sapiens OX=9606 GN=BTG4 PE=1 SV=1,MRDEIATTVFFVTRLVKKHDKLSKQQIEDFAEKLMTILFETYRSHWHSDCPSKGQAFRCIRINNNQNKDPILERACVESNVDFSHLGLPKEMTIWVDPFEVCCRYGEKNHPFTVASFKGRWEEWELYQQISYAVSRASSDVSSGTSCDEESCSKEPRVIPKVSNPKSIYQVENLKQPFQSWLQIPRKKNVVDGRVGLLGNTYHGSQKHPKCYRPAMHRLDRIL,223
sp|Q9NZC4|EHF_HUMAN,sp|Q9NZC4|EHF_HUMAN ETS homologous factor OS=Homo sapiens OX=9606 GN=EHF PE=1 SV=1,MILEGGGVMNLNPGNNLLHQPPAWTDSYSTCNVSSGFFGGQWHEIHPQYWTKYQVWEWLQHLLDTNQLDANCIPFQEFDINGEHLCSMSLQEFTRAAGTAGQLLYSNLQHLKWNGQCSSDLFQSTHNVIVKTEQTEPSIMNTWKDENYLYDTNYGSTVDLLDSKTFCRAQISMTTTSHLPVAESPDMKKEQDPPAKCHTKKHNPRGTHLWEFIRDILLNPDKNPGLIKWEDRSEGVFRFLKSEAVAQLWGKKKNNSSMTYEKLSRAMRYYYKREILERVDGRRLVYKFGKNARGWRENEN,300
sp|Q9NZS9|BFAR_HUMAN,sp|Q9NZS9|BFAR_HUMAN Bifunctional apoptosis regulator OS=Homo sapiens OX=9606 GN=BFAR PE=1 SV=1,MEEPQKSYVNTMDLERDEPLKSTGPQISVSEFSCHCCYDILVNPTTLNCGHSFCRHCLALWWASSKKTECPECREKWEGFPKVSILLRDAIEKLFPDAIRLRFEDIQQNNDIVQSLAAFQKYGNDQIPLAPNTGRANQQMGGGFFSGVLTALTGVAVVLLVYHWSSRESEHDLLVHKAVAKWTAEEVVLWLEQLGPWASLYRERFLSERVNGRLLLTLTEEEFSKTPYTIENSSHRRAILMELERVKALGVKPPQNLWEYKAVNPGRSLFLLYALKSSPRLSLLYLYLFDYTDTFLPFIHTICPLQEDSSGEDIVTKLLDLKEPTWKQWREFLVKYSFLPYQLIAEFAWDWLEVHYWTSRFLIINAMLLSVLELFSFWRIWSRSELKTVPQRMWSHFWKVSTQGLFVAMFWPLIPQFVCNCLFYWALYFNPIINIDLVVKELRRLETQVL,450
sp|Q9UBC7|GALP_HUMAN,sp|Q9UBC7|GALP_HUMAN Galanin-like peptide OS=Homo sapiens OX=9606 GN=GALP PE=1 SV=1,MAPPSVPLVLLLVLLLSLAETPASAPAHRGRGGWTLNSAGYLLGPVLHLPQMGDQDGKRETALEILDLWKAIDGLPYSHPPQPSKRNVMETFAKPEIGDLGMLSMKIPKEEDVLKS,116
sp|Q9UBI6|GBG12_HUMAN,sp|Q9UBI6|GBG12_HUMAN Guanine nucleotide-binding protein G(I)/G(S)/G(O) subunit gamma-12 OS=Homo sapiens OX=9606 GN=GNG12 PE=1 SV=3,MSSKTASTNNIAQARRTVQQLRLEASIERIKVSKASADLMSYCEEHARSDPLLIGIPTSENPFKDKKTCIIL,72
sp|Q9UBP4|DKK3_HUMAN,sp|Q9UBP4|DKK3_HUMAN Dickkopf-related protein 3 OS=Homo sapiens OX=9606 GN=DKK3 PE=1 SV=2,MQRLGATLLCLLLAAAVPTAPAPAPTATSAPVKPGPALSYPQEEATLNEMFREVEELMEDTQHKLRSAVEEMEAEEAAAKASSEVNLANLPPSYHNETNTDTKVGNNTIHVHREIHKITNNQTGQMVFSETVITSVGDEEGRRSHECIIDEDCGPSMYCQFASFQYTCQPCRGQRMLCTRDSECCGDQLCVWGHCTKMATRGSNGTICDNQRDCQPGLCCAFQRGLLFPVCTPLPVEGELCHDPASRLLDLITWELEPDGALDRCPCASGLLCQPHSHSLVYVCKPTFVGSRDQDGEILLPREVPDEYEVGSFMEEVRQELEDLERSLTEEMALREPAAAAAALLGGEEI,350
sp|Q9UHD0|IL19_HUMAN,sp|Q9UHD0|IL19_HUMAN Interleukin-19 OS=Homo sapiens OX=9606 GN=IL19 PE=1 SV=2,MKLQCVSLWLLGTILILCSVDNHGLRRCLISTDMHHIEESFQEIKRAIQAKDTFPNVTILSTLETLQIIKPLDVCCVTKNLLAFYVDRVFKDHQEPNPKILRKISSIANSFLYMQKTLRQCQEQRQCHCRQEATNATRVIHDNYDQLEVHAAAIKSLGELDVFLAWINKNHEVMFSA,177
sp|Q9UI32|GLSL_HUMAN,"sp|Q9UI32|GLSL_HUMAN Glutaminase liver isoform, mitochondrial OS=Homo sapiens OX=9606 GN=GLS2 PE=1 SV=2",MRSMKALQKALSRAGSHCGRGGWGHPSRSPLLGGGVRHHLSEAAAQGRETPHSHQPQHQDHDSSESGMLSRLGDLLFYTIAEGQERIPIHKFTTALKATGLQTSDPRLRDCMSEMHRVVQESSSGGLLDRDLFRKCVSSNIVLLTQAFRKKFVIPDFEEFTGHVDRIFEDVKELTGGKVAAYIPQLAKSNPDLWGVSLCTVDGQRHSVGHTKIPFCLQSCVKPLTYAISISTLGTDYVHKFVGKEPSGLRYNKLSLNEEGIPHNPMVNAGAIVVSSLIKMDCNKAEKFDFVLQYLNKMAGNEYMGFSNATFQSEKETGDRNYAIGYYLKEKKCFPKGVDMMAALDLYFQLCSVEVTCESGSVMAATLANGGICPITGESVLSAEAVRNTLSLMHSCGMYDFSGQFAFHVGLPAKSAVSGAILLVVPNVMGMMCLSPPLDKLGNSHRGTSFCQKLVSLFNFHNYDNLRHCARKLDPRREGAEIRNKTVVNLLFAAYSGDVSALRRFALSAMDMEQKDYDSRTALHVAAAEGHIEVVKFLIEACKVNPFAKDRWGNIPLDDAVQFNHLEVVKLLQDYQDSYTLSETQAEAAAEALSKENLESMV,602
sp|Q9UP79|ATS8_HUMAN,sp|Q9UP79|ATS8_HUMAN A disintegrin and metalloproteinase with thrombospondin motifs 8 OS=Homo sapiens OX=9606 GN=ADAMTS8 PE=1 SV=2,MLPAPAAPRWPPLLLLLLLLLPLARGAPARPAAGGQASELVVPTRLPGSAGELALHLSAFGKGFVLRLAPDDSFLAPEFKIERLGGSGRATGGERGLRGCFFSGTVNGEPESLAAVSLCRGLSGSFLLDGEEFTIQPQGAGGSLAQPHRLQRWGPAGARPLPRGPEWEVETGEGQRQERGDHQEDSEEESQEEEAEGASEPPPPLGATSRTKRFVSEARFVETLLVADASMAAFYGADLQNHILTLMSVAARIYKHPSIKNSINLMVVKVLIVEDEKWGPEVSDNGGLTLRNFCNWQRRFNQPSDRHPEHYDTAILLTRQNFCGQEGLCDTLGVADIGTICDPNKSCSVIEDEGLQAAHTLAHELGHVLSMPHDDSKPCTRLFGPMGKHHVMAPLFVHLNQTLPWSPCSAMYLTELLDGGHGDCLLDAPAAALPLPTGLPGRMALYQLDQQCRQIFGPDFRHCPNTSAQDVCAQLWCHTDGAEPLCHTKNGSLPWADGTPCGPGHLCSEGSCLPEEEVERPKPVADGGWAPWGPWGECSRTCGGGVQFSHRECKDPEPQNGGRYCLGRRAKYQSCHTEECPPDGKSFREQQCEKYNAYNYTDMDGNLLQWVPKYAGVSPRDRCKLFCRARGRSEFKVFEAKVIDGTLCGPETLAICVRGQCVKAGCDHVVDSPRKLDKCGVCGGKGNSCRKVSGSLTPTNYGYNDIVTIPAGATNIDVKQRSHPGVQNDGNYLALKTADGQYLLNGNLAISAIEQDILVKGTILKYSGSIATLERLQSFRPLPEPLTVQLLTVPGEVFPPKVKYTFFVPNDVDFSMQSSKERATTNIIQPLLHAQWVLGDWSECSSTCGAGWQRRTVECRDPSGQASATCNKALKPEDAKPCESQLCPL,889
sp|Q9UPN6|SCAF8_HUMAN,sp|Q9UPN6|SCAF8_HUMAN SR-related and CTD-associated factor 8 OS=Homo sapiens OX=9606 GN=SCAF8 PE=1 SV=1,MEAVKTFNSELYSLNDYKPPISKAKMTQITKAAIKAIKFYKHVVQSVEKFIQKCKPEYKVPGLYVIDSIVRQSRHQFGQEKDVFAPRFSNNIISTFQNLYRCPGDDKSKIVRVLNLWQKNNVFKSEIIQPLLDMAAGIPPPVVTPVLASTTTAMSNTPGTPVTPVTPANVVQGLPDPWVSQITNTDTLAAVAQILQSPQGQQLQQLIQTLQIQQQKPQPSILQALDAGLVVQLQALTAQLTAAAAAANTLTPLEQGVSFNKKLMDRFDFGEDSEHSEEPKKEIPASQLSHVSESVNNSIFHQIAEQLQQQNLEHLRQQLLEQQQPQKATPQDSQEGTFGSEHSASPSQGSSQQHFLEPEVNLDDSIDIQQQDMDIDEGQDGVEEEVFEQEAKKVAVRSRSRTHSRSRSRSPRKRRSRSRSGSRKRKHRKRSRSRSRERKRKSSRSYSSERRAREREKERQKKGLPPIRSKTLSVCSTTLWVGQVDKKATQQDLTNLFEEFGQIESINMIPPRGCAYVCMVHRQDAFRALQKLSSGSYKIGSKVIKIAWALNKGVKTEYKQFWDVDLGVTYIPWEKVKVDDLEGFAEGGMIDQETVNTEWETVKSSEPVKETVQTTQSPTPVEKETVVTTQAEVFPPPVAMLQIPVAPAVPTVSLVPPAFPVSMPVPPPGFSPIPPPPFLRASFNPSQPPPGFMPPPVPPPVVPPPTIPPVVPTSLVQPSLSMTPETVKDVGFGSLVIPGGSVASNLATSALPAGNVFNAPTKQAEPEEKVPHLIDHQISSGENTRSVIPNDISSNAAILGGQPPNVTSNSGILGVQRPNVSSNSEILGVRPSNVSSSSGIIAAQPPNILNNSGILGIQPPSVSNSSGLLGVLPPNIPNNSGLVGVQPPNVPNTPGLLGTQPPAGPQNLPPLSIPNQRMPTMPMLDIRPGLIPQAPGPRFPLIQPGIPPQRGIPPPSVLDSALHPPPRGPFPPGDIFSQPERPFLAPGRQSVDNVTNPEKRIPLGNDNIQQEGDRDYRFPPIETRESISRPPPVDVRDVVGRPIDPREGPGRPPLDGRDHFGRPPVDIRENLVRPGIDHLGRRDHFGFNPEKPWGHRGDFDEREHRVLPVYGGPKGLHEERGRFRSGNYRFDPRSGPWNRGFGQEVHRDFDDRRRPWERQRDRDDRDFDFCREMNGNRLGRDRIQNTWVPPPHARVFDYFEGATSQRKGDNVPQVNGENTERHAQPPPIPVQNDPELYEKLTSSNEINKEKSDTVADIESEPVVESTETEGT,1271
sp|Q9Y625|GPC6_HUMAN,sp|Q9Y625|GPC6_HUMAN Glypican-6 OS=Homo sapiens OX=9606 GN=GPC6 PE=1 SV=1,MPSWIGAVILPLLGLLLSLPAGADVKARSCGEVRQAYGAKGFSLADIPYQEIAGEHLRICPQEYTCCTTEMEDKLSQQSKLEFENLVEETSHFVRTTFVSRHKKFDEFFRELLENAEKSLNDMFVRTYGMLYMQNSEVFQDLFTELKRYYTGGNVNLEEMLNDFWARLLERMFQLINPQYHFSEDYLECVSKYTDQLKPFGDVPRKLKIQVTRAFIAARTFVQGLTVGREVANRVSKVSPTPGCIRALMKMLYCPYCRGLPTVRPCNNYCLNVMKGCLANQADLDTEWNLFIDAMLLVAERLEGPFNIESVMDPIDVKISEAIMNMQENSMQVSAKVFQGCGQPKPAPALRSARSAPENFNTRFRPYNPEERPTTAAGTSLDRLVTDIKEKLKLSKKVWSALPYTICKDESVTAGTSNEEECWNGHSKARYLPEIMNDGLTNQINNPEVDVDITRPDTFIRQQIMALRVMTNKLKNAYNGNDVNFQDTSDESSGSGSGSGCMDDVCPTEFEFVTTEAPAVDPDRREVDSSAAQRGHSLLSWSLTCIVLALQRLCR,555
