id,description,sequence,acr_type,is_acr
sp|A0A1L9WQW4|ACRF_ASPA1,sp|A0A1L9WQW4|ACRF_ASPA1 Cytochrome P450 monooxygenase acrF OS=Aspergillus aculeatus (strain ATCC 16872 / CBS 172.66 / WB 5094) OX=690307 GN=acrF PE=2 SV=1,MHVQSKAPKDLHPQAQMTMLQRLYKLGDMFTVDTWPLMDQMYLVANPKLAHQVSQDSSPFPKHPMITRFLKPLTGYNSVLAANDAKWKELRSLFAPGFSNAHLMTMVPLMVEKTEVFCDLLSEYAAKHELFSMEPMAARLTIDIIGIVVLGVDFKSLTRRDELVEAFRHLLDLLPNGQTLDINPVTHYLRRKYANTMDNYIRRVLRDRAANGANKKFRTLMDIAIERYEQLPNGSLFDCGFEQLAVDNLKTFVFAGHDTSSTTLSNIYHLLSKHPEVLAKVIEEHDQVLGKDTAAIGQLIRDQPSIINKLPYTTAVIRETLRLYPASGSLRMAPKDTTFHPDKAPAVTVPKGSLIWVGIHTIHHDAEFFPCPDEFHPERFMTAKTITLADGRTEAVTAGWNGHAPPADAYRPFEKGPRMCIGSEMAMIEIRVVLAMTLRRFRFESAYAEYRRRHPDEVEAAGGRTEAFGDEAYQVFSSTAKPKSGVPMYVYTKE,unknown,0
tr|A0A0D6HCN1|A0A0D6HCN1_SALTM,tr|A0A0D6HCN1|A0A0D6HCN1_SALTM Efflux pump membrane transporter OS=Salmonella typhimurium OX=90371 GN=mdsB PE=3 SV=1,MKFTHFFIARPIFAIVLSLLMLLAGAIAFLKLPLSEYPAVTPPTVQVSASYPGANPQVIADTVAAPLEQVINGVDGMLYMNTQMAIDGRMVISIAFEQGTDPDMAQIQVQNRVSRALPRLPEEVQRIGVVTEKTSPDMLMVVHLVSPQKRYDSLYLSNFAIRQVRDELARLPGVGDVLVWGAGEYAMRVWLDPAKIANRGLTASDIVTALREQNVQVAAGSVGQQPEASAAFQMTVNTLGRLTSEEQFGEIVVKIGADGEVTRLRDVARVTLGADAYTLRSLLNGEAAPALQIIQSPGANAIDVSNAIRGKMDELQQNFPQDIEYRIAYDPTVFVRASLQSVAITLLEALVLVVLVVVMFLQTWRASIIPLVAVPVSLVGTFALMHLFGFSLNTLSLFGLVLSIGIVVDDAIVVVENVERHISQGKSPGEAAKKAMDEVTGPILSITSVLTAVFIPSAFLAGLQGEFYRQFALTIAISTILSAINSLTLSPALAAILLRPHHDTAKADWLTRLMGTVTGGFFHRFNRFFDSASNRYVSAVRRAVRGSVIVMVLYAGFVGLTWLGFHQVPNGFVPAQDKYYLVGIAQLPSGASLDRTEAVVKQMSAIALAEPGVESVVVFPGLSVNGPVNVPNSALMFAMLKPFDEREDPSLSANAIAGKLMHKFSHIPDGFIGIFPPPPVPGLGATGGFKLQIEDRAELGFEAMTKVQSEIMSKAMQTPELANMLASFQTNAPQLQVDIDRVKAKSMGVSLTDIFETLQINLGSLYVNDFNRFGRAWRVMAQADAPFRMQQEDIGLLKVRNAKGEMIPLSAFVTIMRQSGPDRIIHYNGFPSVDISGGPAPGFSSGQATDAIEKIVRETLPEGMVFEWTDLVYQEKQAGNSALAIFALAVLLAFLILAAQYNSWSLPFAVLLIAPMSLLSAIVGVWVSGGDNNIFTQIGFVVLVGLAAKNAILIVEFARAKEHDGADPLTAVLEASRLRLRPILMTSFAFIAGVVPLVLATGAGAEMRHAMGIAVFAGMLGVTLFGLLLTPVFYVVVRRMALKRENRVDSHDQQA,unknown,0
tr|A0A0H3JPJ7|A0A0H3JPJ7_ECO57,tr|A0A0H3JPJ7|A0A0H3JPJ7_ECO57 Efflux pump membrane transporter OS=Escherichia coli O157:H7 OX=83334 GN=acrF_1 PE=3 SV=1,MANFFIRRPIFAWVLAIILMMAGALAILQLPVAQYPTIAPPAVSVSANYPGADAQTVQDTVTQVIEQNMNGIDNLMYMSSTSDSAGSVTITLTFQSGTDPDIAQVQVQNKLQLATPLLPQEVQQQGISVEKSSSSYLMVAGFVSDNPDTTQDDISDYVASNVKDTLSRLNSVGDVQLFGAQYAMRIWLDADLLNKYKLTPVDVINQLKVQNAQIAAGQLGGTPALPGQQLNASIIAQTRLKNPEEFGKVTLRVNSDGSVVRLKDVARVELGGENYNVIARINGKPAAGLGIKLATGANALDTAKAIKAKLAELQPFFPQGMKVLYPYDTTPFVQLSIHEVVKTLFEAIMLVFLVMYLFLQNMRATLIPTIAVPVVLLGTFAILAAFGYSINTLTMFGMVLAIGLLVDDAIVVVENVERVMMEDKLPPKEATEKSMSQIQGALVGIAMVLSAVFIPMAFFGGSTGAIYRQFSITIVSAMALSVLVALILTPALCATLLKPTSAEHHENKGGFFGWFNTTFDHSVNHYTNSVGKILGSTGRYLLIYALIVAGMVVLFLRLPSSFLPEEDQGVFLTMIQLPAGATQERTQKVLDQVTDYYLKNEKANVESVFTVNGFSFSGQAPPQPHVFT,unknown,0
tr|A0A2X2HF62|A0A2X2HF62_SHIDY,tr|A0A2X2HF62|A0A2X2HF62_SHIDY Efflux pump membrane transporter OS=Shigella dysenteriae OX=622 GN=acrF_1 PE=3 SV=1,MANFFIRRPIFAWVLAIILMMAGALAILQLPVAQYPTIAPPAVSVSANYPGADAQTVQDTVTQVIEQNMNGIDNLMYMSSTSDSAGSVTITLTFQSGTDPDIAQVQVQNKLQLATPLLPQEVQQQGSSVEKSSSSYLMVAGFISDNPDTTQDDISDYVASNVKDTLSRLNGVGDVQLFGAQYAMRIWLDADLLNKYKLTPVDVINQLKVQNDQIAAGQLGGTPALPGQQLNASIIAQTRLKNPEEFGKVTLRVNSDGSVVRLKDVARVELGGENYNVIARINGKPAAGLGIKLATGANALDTAKAIKAKLAELQPFFPQGMKVLYPYDTTPFVQLSIHEVVKTLFEAIMLVFLVMYLFLQNMRATLIPTIPVPVVLLGTFAILAAFGYSINTLTMFGMVLAIGLLVDDAIVVVENVERVMMEDKLPPKEATEKSMSQIQGALVGIAMVLSAVFIPMAFFGGSTGAIYRQFSITIVSAMALSVLVALILTPALCATLLKPTSAEHHENKGGFFGWFNTTFDHSVNHYTNSVGKILGSTGRYLLIYALIVAGMVVLFLRLPSYLKRIRVSF,unknown,0
tr|A0A2X2HQI6|A0A2X2HQI6_SHIBO,tr|A0A2X2HQI6|A0A2X2HQI6_SHIBO Efflux pump membrane transporter OS=Shigella boydii OX=621 GN=acrF_1 PE=3 SV=1,MANFFIRRPIFAWVLAIILMMAGALAILQLPVAQYPTIAPPAVSVSANYPGADAQTVQDTVTQVIEQNMNGIDNLMYMSSTSDSAGSVTITLTFQSGTDPDIAQVQVQNKLQLATPLLPQEVQQQGISVEKSSSSYLMVAGFVSDNPGTTQDDISDYVASNVKDTLSRLNGVGDVQLFGAQYAMRIWLDADLLNKYKLTPVDVINQLKVQNDQIAAGQLGGTPALPGQQLNASIIAQTRLKNPEEFGKLTLRVNSDGSVVRLKDVARVELGGENYNVIARINGKPAAGLGIKLATGANALDTAKAIKAKLAELQPFFPQGMKVLYPYDTTPFVQLSIHEVVKTLFEAIMLVFLVMYLFLQNMRATLIPTIAVPVVLLGTFAILAAFGYSINTLTMFGMVLAIGLLVDDAIVVVENVERVMMEDKLPPKEATEKSMSQIQGALVGIAMVLSAVFIPMAFFGGSTGAIYRQFSITIVSAMALSVLVALILTPALCATLLKPVSAEHHENKGGFFGWFNTTFDHSVNHYTNSVGKILGSTGRYLLIYALIVAGMVVLFLRLPSYLKRIRVSF,unknown,0
tr|A0A379TK03|A0A379TK03_SALER,tr|A0A379TK03|A0A379TK03_SALER Efflux pump membrane transporter OS=Salmonella enterica subsp. arizonae OX=59203 GN=acrF_1 PE=3 SV=1,MALSVLVALILTPALCATLLKPVSAEHHEKKSGFFGWFNAKFDHSVNHYTNSVSGIVRNTGRYLIIYLLIVVGMAVLFLRLPTSFLPEEDQGVFLTMIQLPSGATQERTQKVLDQVTHYYLNNEKANVESVFTVNGFSFSGQGQNSGMAFVSLKPWEERNGEENSVEAVIARATRAFSQIRDGLVFPFNMPAIVELGTATGFDFELIDQGGLGHDALTKARNQLLGMVAKHPDLLVRVRPNGLEDTPQFKLDVDQEKAQALGVSLSDINETISAALGGYYVNDFIDRGRVKKVYVQADAQFRMLPEDINNLYVRSANGEMVPFSTFSSARWIYGSPRLERYNGMPSMELLGEAAPGRSTGEAMALMENLASRLPNGIGYDWTGMSYQERLSGNQAPALYAISLIVVFLCLAALYESWSIPFSVMLVVPLGVVGALLAASLRGLNNDVYFQVGLLTTIGLSAKNAILIVEFAKDLMEKEGRGLIEATLEASRMRLRPILMTSLAFILGVMPLVISRGAGSGAQNAVGTGVMGGMLTATLLAIFFVPVFFVVVKRRFNRHHD,unknown,0
tr|A0A3P6LJF1|A0A3P6LJF1_SHIDY,tr|A0A3P6LJF1|A0A3P6LJF1_SHIDY Efflux pump membrane transporter OS=Shigella dysenteriae OX=622 GN=acrF_1 PE=3 SV=1,MANFFIRRPIFAWVLAIILMMAGALAILQLPVAQYPTIAPPAVSVSANYPGADAQTVQDTVTQVIEQNMNGIDNLMYMSSTSDSAGSVTITLTFQSGTDPDIAQVQVQNKLQLATPLLPQEVQQQGISVEKSSSSYLMVAGFVSDNPGTTQDDISDYVASNVKDTLSRLNGVGDVQLFGAQYAMRIWLDADLLNKYKLTPVDVINQLKVQNDQIAAGQLGGTPALPGQQLNASIIAQTRLKNPEEFGKVTLRVNSDGSVVRLKDVARVELGGENYNVIARINGKPAAGLGIKLATGANALDTAKAIKAKLAELQPFFPQGMKVLYPYDTTPFVQLSIHEVVKTLFEAIMLVFLVMYLFLQNMRATLIPTIAVPVVLLGTFAILAAFGYSINTLTMFGMVLAIGLLVDDAIVVVENVERVMMEDKLPPKEATEKSMSQIQGALVGIAMVLSAVFIPMAFFGGSTGAIYRQFSITIVSAMALSVLVTLILTPALCATLLKPVSAEHHENKGGFFGWFNTTFDHSVNHYTNSVGKILGSTGRYLLIYALIVAGMVVLFLRLPSSFLPEEDQGVFLTMIQLPAGATQERTQKVLDQVTDYYLKNEKANVESVFTVNGFSFSGQA,unknown,0
tr|A0A512NF28|A0A512NF28_9HYPH,tr|A0A512NF28|A0A512NF28_9HYPH Efflux pump membrane transporter OS=Reyranella soli OX=1230389 GN=acrF_1 PE=3 SV=1,MISGIFIDRPRLAFVISIVITLAGLIAIFQIPVAQFPEIVPPQVSLTAAYPGADAEVVETTVAQPIEQQIVGVDNALYYQSASAADGSYSLTVTFALGTDPDINTVNVQNRAQLAVPLLPQEVQRQGLVIRKKSAALLQVITIYSPKNTYDALYLNNYATINVVDQLAKVRGVGQASLFGALDYSLRLWLDTDRLTAFGLTPTDVVTAVQSQNIQAALGRIGAAPAPQAQQYQLTIKTQGRLTRTDQFDNIVIRANPDGSVVRVKDVARADLGAKSQERYSRFDGAPSATIGIFQSPGANAVEVAANVRKVLDELKQRFPDDLEYRVFWDSTVFVTSTIDEVVHTLVIAFVLVAIVVFLFLGKLRTTLIPLVAVPVSIIGTFAVLLLIGYSANTVSLLALVLAIGIVVDDAIVVIENVERVIEENPDLTIAEATKKAMGEITAPIIAITLVLLSVFVPVAFIPGISGQLFRQFAVAVSISMLISALNALTLSPALCAVLLKRGDHQRRGPLQRVMQRVLGAIDWVRDGYVAIVRRLVRLAVFGIVAAAVCGAAAYGVLRITPQGFLPTEDQGAFFVAMRLPEGASLNRTADLVKQVEDIMRPIPGVQGVVSVVGLNFIDYVVSSNSAFFVVRLKPYEERTDRSQSADAIIASLRPKLAAIQGAIAFPFNLPPILGLGSTGGFQYVLQALQGQSPTDLAAVTRAMIVAANQQPELAGVFTTFAADTPQVYLDIDRDKAQVLGVKVSDVFVALQASLGGYYVNDFNLFGRTWQVNIESEDRFRDTIDDIYRVYVRNAAGAMVPVRSLATAKLVLGPQVVIRYNGFRAAVINGAPKPGFSSGQALAAMERLSATTLPPGYGFEWTAVALQEKLAAGQTGIVLGLAVLFAYLFLVALYESWNIPLPVLLSVTVGVLGAIAFVWWLGLAFDVYAQIGLVVLVALAAKNGILIVEFAVEQRRHGRELLDSAVEGARLRFRPVIMTSFAFILGLLPLVIAEGAGAASRRAVGTPVFGGMLAAAIFGIFIIPMLYVVFQRMREWTAQEKAKRDSNAAASPAGTTSAE,unknown,0
tr|Q32B74|Q32B74_SHIDS,tr|Q32B74|Q32B74_SHIDS Efflux pump membrane transporter OS=Shigella dysenteriae serotype 1 (strain Sd197) OX=300267 GN=acrF_1 PE=3 SV=1,MANFFIRRPIFAWVLAIILMMAGALAILQLPVAQYPTIAPPAVSVSANYPGADAQTVQDTVTQVIEQNMNGIDNLMYMSSTSDSAGSVTITLTFQSGTDPDIAQVQVQNKLQLATPLLPQEVQQQGSSVEKSSSSYLMVAGFISDNPDTTQDDISDYVASNVKDTLSRLNGVGDVQLFGAQYAMRIWLDADLLNKYKLTPVDVINQLKVQNDQIAAGQLGGTPALPGQQLNASIIAQTRLKNPEEFGKVTLRVNSDGSVVRLKDVARVELGGENYNVIARINGKPAAGLGIKLATGANALDTAKAIKAKLAELQPFFPQGMKVLYPYDTTPFVQLSIHEVVKTLFEAIMLVFLVMYLFLQNMRATLIPTIPVPVVLLGTFAILAAFGYSINTLTMFGMVLAIGLLVDDAIVVVENVERVMMEDKLPPKEATEKSMSQIQGALVGIAMVLSAVFIPMAFFGGSTGAIYRQFSITIVSAMALSVLVALILTPALCATLLKPTSAEHHENKGGFFGWFNTTFDHSVNHYTNSVGKILGSTGRYLLIYALIVAGMVVLFLRLPSYLKRIRVSF,unknown,0
tr|W6RDU0|W6RDU0_9HYPH,tr|W6RDU0|W6RDU0_9HYPH Efflux pump membrane transporter OS=Rhizobium favelukesii OX=348824 GN=acrF1 PE=3 SV=1,MISRFFIERPVLSNVLALVFVLIGAVALFQLPVAQYPNVVPPTVQVTTRYPGASAKTLVDTVALPIELQVNGVENMLYMQSTSASDGTYSLTVTFAIGTDPDQAQVLVQNRVAIAMPSLPQAVQVQGVTTQKKSTSILGFVSLTSPDSRYDSLFLSNYAVINLQNELARLPGVGNVSVFGAGQYAMRIWMDPDLLQARGLTPQDVVNTIQQQSQEVTAGQVGLPPVPSGQDFQYTLNISGRLNEVADFEDIIVKVDSDSGGRITRVRDIGRVELGAQTYSQSFLQNRRPATGIGIFQLPEANAIAVAESVRAKMTELSKSFPPGLEYNMPFDTTKFVKASIREVYVTLIEAGVLVLIVILLFLQDWRAMLVPATTVPVTIIGAFAAMAALGFTVNLSTLFAIVLAIGIVVDDAIVIVEGVSRHVEEGMPGRQAAERAMDELLGPVIGITLVLMAVFIPAAFLPGLTGQLYRQFALVIAATALISAINAITLKPTQCALWLRPPVAPEKRNIFYRGFNRIYDAAENGYSRLVGGLVRKSAIAVLVGLALIGVAFWGLARLPTAFLPIEDQGYVLISAQLPDGASKERTDAVMLRVSEIAEATPGVDQVLTISGISIIDNNASLPNAGVAYVVLKDWDVRGKEQGQDLLSIYQHLNGALESIMQAKTLVVVPPAIQGIGNASGFTMQVLLKDGSFDFPLLQALADTIVEHGNSQSSLQRLQTSFRADAPQLEVSVDRIKAETLGVTVGQVFSALSGYVGSSYVTQFNKFGRTFQVYVQAAPNFRVRPDDIRNLKVKAGDGTMVPLGTVIDVTSVPGPSLISLYNLYPTATIVGGPATGFSSGQALDVMEQIADQTLPPGADFEWTALSYQERAVGGQIYYVFGLAILLVYFVLAGQYESWILPFAVILAVPLALLGTVGALTALGVANNLYTQIGLILLIALSSKNAILIVEYAREKRMQGMEIAAAAVLAARLRFRPILMTSFAFILGVVPLVLATGAGANARRSIGISVFSGMIASTCLAVLLVPSFYVILQHFEEYRKRRAVAVPDAQT,unknown,0
tr|A0A0B0EQV1|A0A0B0EQV1_9BACT,tr|A0A0B0EQV1|A0A0B0EQV1_9BACT Acriflavine resistance protein F OS=Candidatus Scalindua brodae OX=237368 GN=acrF_1 PE=4 SV=1,MAQSKLDIRVRALGRFSSPDQILDTIIRQDESGPVYVRDVATVTETLKEETDFVRSNGQNVLAMNFQKEPGANVMEVMAKLNEEAERIKAKDGILDSYAKSHGIKGGLELFQVYDQTDYINQAFDLVKSSIVFGGILAVIALLTFLRSLRSIGIIAIAIPISIVGSIVIMVALGRSINVISLAGMAFAVGMVVDNSIVVLENIFRHMEMGKSKIDAALDGAAEVSGAVLASTLTTLLVFIPILLIQEASGQLMRDISLAIIAAVGLSYIVSITVVPCGAALFLKVGVKKNVKQKKTQIEKTMAVSPGKLTRIAHPFRTFYYYLSNFSQYLYKLVYWLNGSMIRRVLVISVFTVVTFLGIIVTIPPIDYLPSGNRNLTFGLMIPPPGYNVAKFKELGGRVEKKNTTFLGST,unknown,0
tr|A0A108TCE6|A0A108TCE6_BACSE,"tr|A0A108TCE6|A0A108TCE6_BACSE Putative multidrug export protein, AcrF-like OS=Bacteroides stercoris OX=46506 GN=acrF_1 PE=4 SV=1",MNLAKYSLDNTKIIYFFLAVLLIGGVFSFGRLGKKEDAPFVIKTAVIMTHYPGAEPAEVERLITEPISREIQSMSGVYKIKSESMYGLSKITFELQPSLSAASIPQKWDELRRKVLNIQPQLPAGASVPTVSDDFGDVFGIYYGLVGDDGFSYEEMRNWAERIKTQVITAEGVMKVALFGTQTEVINIFISVNKLAGMGIDPKQLAGLLQSQNQIINTGEIGAGEQQLRIVANGTYTTVNDIRNQTITTPGGQVKLGDIAVVEKGYMDPPGTIMHVNGKRAIGIGVSTDPQKDVVKTGELVDKKLAELLPLIPVGLELESLYPENVIAKEANNGFIINLIESILIVIVIIMLVMGMRAGVLIGSSLIFSIGGTLLIMSFLGVGLNRTSLAGFIIAMGMLVDNAIVVTDNAQIAIARGVNRRKALIDGATGPQWGLLGATFIAVCSFLPLYLAPSSVAEIVKPLFIVLAISLGLSWVLALTQTTTFGNFILKAQTGNSDKDPYDKPFYHKFASILSLLIRKKTLTLGSMVVLFILSLVIMGLMPQNFFPSLDKPYFRADVFYPDGYGIRDVEKEMKKVEAHLLAQPEVKRVSVTFGSTPLRYYLASTSVGPKPNFANLLVEVTDSKYTKEYEEKLDSYMKENYPNAITRTTLFKLSPAVDAAIEIGFIGNSTDTLVALTNRVLEIMHRDKDLINVRNSWGNKIPIWKPVYSQERAQPLGVSRQSMAQSIQIGTNGMTLGEYRQGDQVLPILLKDNTIDAFRINDLRTLPVFGTTRETTTLEQVVSEFDYQYKFSNVKDYNRQMVMMAQADPRRGVNAIAAFNRVWEQVQKEIDVPEGYAMKYFGEQESQAESNAALAANMPLTFFLMFVTLLFLFKTYRKPIVILLMLPLIFIGIVLGLLLLGKTFDFFAILGLLGLIGMNIKNAIVLVDQIDTETAAGKAPREAVISATTTRIVPVAMASGTTILGMLPLLFDAMFGGMAATIMGGLLVASILTLFVLPVAYCAIHRIKG,unknown,0
tr|A0A125RNC3|A0A125RNC3_9CAUD,tr|A0A125RNC3|A0A125RNC3_9CAUD Uncharacterized protein OS=Pseudomonas phage JBD69 OX=1777053 GN=JBD69_36 PE=4 SV=1,MKFIKYLSTAHLNYMNIAVYENGSKIKARVENVVNGKSVGARDFDSTEQLESWFYGLPGSGLGRIENAMNEISRRENP,unknown,0
tr|A0A1L9NSA9|A0A1L9NSA9_9RHOB,tr|A0A1L9NSA9|A0A1L9NSA9_9RHOB Multidrug export protein AcrF OS=Planktotalea frisia OX=696762 GN=acrF_1 PE=4 SV=1,MARDLPKGAGGVLSYFVRHKTLANLLLVIMLVAGLVAMPKMRAQFFPDVVLDTVSVSVAWDGAGAEDVDAAIVQVMEPALLSVEGVDSSSASSSEGRATISLEFEPNWDMARAADDVQSAVDQVTGLPDEAEGPVVRRGQWRDRVTDVVITGPVGIEQLALFADELSIRLFGVGVTRTTIRGVAAGQTIVEVPSASLIANDIAMADIAAAIASEVDADPAGDVSGGTARVRTGVEKRTPEQIAQIVLRSNDDGSKLRIGDIAQLRQEGVDREIGFYVADNPAMTLRVDRSDKGDAIAIQRQVEEVAAAMQATLPDGVTIELIRTRAEYISGRLNILLDNAVTGLALVVLLLFLFLNARTAFWVAAGIPVALFAAIAIMYLGGLTINMISLFALIITLGIVVDDAIVVGEHADYRARELKEPPVVAAENAARRMAMPVFSATLTTVIAFFGLVAVGGRFGDLIGDIPFTVIAVLVASLAECFLILPNHMSHALAHSVKTHWYDLPSRVVNRGFEWVRDQLFRPFIAGVIWARYVVIAGAIAVLASQVVLVISGDVQWRFFNAPERSSVTGNFSMVEGANREDTLAMMREMQRATNELAAEYEKEHGTNPLDYVMATIGGSAGRGLAGSDTKDNDLLGGISIELIDADLRPYSSFSFVSDLQDQVRRHPLTENVSFRSWRSGPGGSGLDVEFFGADAETLKRASEALQSELARFPEVSAVEDNLAYDKEEVILELTAQGQALGFTIDQLGRVLRHRLNGIEAASFPDGPRSATIRVELPSGELRADFLDSTLLRSKSGDYVPLADIVSVTQRTGFSTVRRENGVRLISVTGDISEDDPARASEIEDALEEQILPRIASEQQVEWRLSGQSEQENAFLSDALTGLVLSLTGIYLVLAWVFSSWTRPVVVMAVIPFGLVGTIYGHAVWDIPLSMFSIVGLLGMTGIIINDSIVLVTTIDEYAKDRGLFPSIIDGVANRLRPVMLTTLTTVLGLLPLLFERSSQAQFLKPTVVTLVYGLGFGMFLVLLVVPSFIAMQHDVRRRVDAFKRGLGFRAKGPRLALLGLSGAIALWLAGTLGYAAVNDALYPPLLAMLPSVEDMPSMPFAFVIFVGGLFVAILTAYIAALLALFMSRRRRQGEA,unknown,0
tr|A0A2X2V5G7|A0A2X2V5G7_CITKO,tr|A0A2X2V5G7|A0A2X2V5G7_CITKO Acriflavin resistance protein F OS=Citrobacter koseri OX=545 GN=acrF_1 PE=4 SV=1,MFSRFFVRRPVFAWVIAILIMLTGILAIKTLPVAQYPDVAPPSVKISATYTGASAETLENSVTQVIEQQLTGLDNLLYFTSTSSSDGSVSIDVTFEQGTDPDTAQVQVQNKVQQAESRLPSEVQQSGVTVVKSQSNFLLIAAVYDKSDRASSSDIADWLVSNVQDPLARVEGVGSLQVFGAEYAMRIWLDPAKLASYSFDAVGCAERH,unknown,0
tr|A0A2X4TE85|A0A2X4TE85_SALER,tr|A0A2X4TE85|A0A2X4TE85_SALER Acriflavin resistance protein F OS=Salmonella enterica subsp. arizonae OX=59203 GN=acrF_1 PE=4 SV=1,MVGALLAASLRGLNNDVYFQVGLLTTIGLSAKNAILIVEFAKDLMEKEGRGLIEATLEASRMRLRPILMTSLAFILGVMPLVISRGAGSGAQNAVGTGVMGGMLTATLLAIFFVPVFFVVVKRRFNRHHD,unknown,0
tr|A0A367MFJ4|A0A367MFJ4_PSEAI,tr|A0A367MFJ4|A0A367MFJ4_PSEAI Uncharacterized protein OS=Pseudomonas aeruginosa OX=287 GN=DT376_03840 PE=4 SV=1,MKFIKYLSTAHLNYMNIAVYENGSKIKARVENVVNGKSVGARDFDSTEQLESWFYGLPGSGLGRIENAMNEISRRENP,unknown,0
tr|A0A379RZ10|A0A379RZ10_SALER,tr|A0A379RZ10|A0A379RZ10_SALER Acriflavin resistance protein F OS=Salmonella enterica subsp. arizonae OX=59203 GN=acrF_1 PE=4 SV=1,MKKVYVQADAQFRMLPEDINNLYVRSANGEMVPFSTFSSARWIYGSPRLERYNGMPSMELLGEAAPGRSTGEAMALMENLASRLPNGIGYDWTGMSYQERLSGNQAPALYAISLIVVFLCLAALYESWSIPFSVMLVVPLGVVGALLAASLRGLNNDVYFQVGLLTTIGLSAKNAILIVEFAKDLMEKEGRGLIEATLEASRMRLRPILMTSLAFILGVMPLVISRGAGSGAQNAVGTGVMGGMLTATLLAIFFVPVFFVVVKRRFNRHHD,unknown,0
tr|A0A379TVS8|A0A379TVS8_SALDZ,tr|A0A379TVS8|A0A379TVS8_SALDZ Acriflavin resistance protein F OS=Salmonella diarizonae OX=59204 GN=acrF_1 PE=4 SV=1,MVGALLAASLRGLNNDVYFQVGLLTTIGLSAKNAILIVEFAKDLMEKEGRGLIEATLEASRMRLRPILMTSLAFILGVMPLVISRGAGSGAQNAVGTGVMGEC,unknown,0
tr|A0A379W170|A0A379W170_SALET,tr|A0A379W170|A0A379W170_SALET Acriflavin resistance protein F OS=Salmonella enterica I OX=59201 GN=acrF_1 PE=4 SV=1,MEKEGRGLIEATLEASRMRLRPILMTSLAFILGVMPLVISRGAGSGAQNAVGTGVMGGMLTATLLAIFFVQYSSLL,unknown,0
tr|A0A379WL13|A0A379WL13_SALET,tr|A0A379WL13|A0A379WL13_SALET Acriflavin resistance protein F OS=Salmonella enterica I OX=59201 GN=acrF_1 PE=4 SV=1,MEKEGRGLIEATLEASRMRLRPILMTSLAFILGVMPLVISRGAGSGHRTQ,unknown,0
tr|A0A379ZP49|A0A379ZP49_SHIFL,tr|A0A379ZP49|A0A379ZP49_SHIFL Integral transmembrane protein OS=Shigella flexneri OX=623 GN=acrF_1 PE=4 SV=1,MGGTYVNDFIDRGRVKKVYVQADAKFRMLPEDVDKLYVRSANGEMVPFSAFTTSHWVYGSPRLERYNGLPSMEIQGEAAPGTSSGDAMALMENLASKLPAGIGYDWTGMSYQERLSGNQAPALVAISFVVVFLCLAALYESWSIPVSVMLVVPLGIVGVLLAATLFNQKNDVYFMVGLLTTIGLSAKNAILIVEFAKDLMEKEGKGVVEATLMAVRMRLRPILMTSLAFILGVLPLAISNGAGSGAQNAVGIGVMGGMVSATLLAIFFVPVFFVVIRRCFKG,unknown,0
tr|A0A3S4FEA1|A0A3S4FEA1_SALET,tr|A0A3S4FEA1|A0A3S4FEA1_SALET Acriflavin resistance protein F OS=Salmonella enterica I OX=59201 GN=acrF_1 PE=4 SV=1,MENLASQLPNGIGYDWTGMSYQERLSGNQAPALYAISLIVVFLCLAALYESWSIPFSVMLVVPLGVVGALLAASLRGLNNDVYFQVGLLTTIGLSAKNAILIVEFAKDLMEKEGRGLIEATLEASRMRLRPILMTSLAFILGVMPLVISRGAGSGAQNAVGTGVMGGMLTATLLAIFFVPVFFVVVKRRFNRHHD,unknown,0
tr|A0A3S4LR98|A0A3S4LR98_SALET,tr|A0A3S4LR98|A0A3S4LR98_SALET Acriflavin resistance protein F OS=Salmonella enterica I OX=59201 GN=acrF_1 PE=4 SV=1,MLVVPLGVVGALLAASLRGLNNDVYFQVGLLTTIGLSAKNAILIVEFAKDLMEKEGRGLIEATLEASRMRLRPILMTSLAFISRGNAVSYQSWRR,unknown,0
tr|A0A3S4MG05|A0A3S4MG05_ECOLX,tr|A0A3S4MG05|A0A3S4MG05_ECOLX Multidrug efflux system protein OS=Escherichia coli OX=562 GN=acrF_1 PE=4 SV=1,MFSRCLPLAALGFSGQGQNNGLAFISLKPWSERVGEENSGYRDHSAGNDCVKQYQ,unknown,0
tr|A0A447JBE2|A0A447JBE2_SALET,tr|A0A447JBE2|A0A447JBE2_SALET Acriflavin resistance protein F OS=Salmonella enterica subsp. enterica serovar Daytona OX=1962639 GN=acrF_1 PE=4 SV=1,MAFVSLKPWEERNGEENSVEAVIARATRAFSQIRDGLVFPFNMPAIVELGTATGFDFELIDQGGLGHDALTKARNQLLGMVAKHPDLLVRVRPNGLEDTPQFKLDVDQEKAQALGVSLSDINETISAALGGYYVNDFIDRGRVKKVYVQADAQFRMLPGDINNLYVRSANGEMVPFSTFSSARWIYGSPRLERYNGMPSMELLGEAAPGRSTGEAMSLMENLASQLPNGIGYDWTGMSYQERLSGNQAPALYAISLIVVFLCLAALYESWSIPFSVMLVVPLGVVGALLAASLRGLNNDVYFQVGLLTTIGLSAKNAILIVEFAKDLMEKEGRGLIEATLEASRMRLRPILMTSLAFILGVMPLVISRGAGSGAQNAVGTGVMGGMLTATLLAIFFVPVFFVVVKRRFNRHHD,unknown,0
tr|A0A447N336|A0A447N336_SALET,tr|A0A447N336|A0A447N336_SALET Acriflavin resistance protein F OS=Salmonella enterica I OX=59201 GN=acrF_1 PE=4 SV=1,MGGYYVNDFIDRGRVKKVYVQADAQFRMLPGDINNLYVRSANGEMVPFSTFSSARWIYGSPRLERYNGMPSMELLGEAAPGRSTGEAMSLMENLASQLPNGIGYDWTGMSYQERLSGNQAPALYAISLIVVFLCLAALYESWSIPFSVMLVVPLGVVGALLAASLRGLNNDVYFQVGLLTTIGLSAKNAILIVEFAKDLMEKEGRGLIEATLEASRMRLRPILMTSLAFILGVMPLVISRGAGSGAQNAVGTGVMGGMLTATLLAIFFVPVFFVVVKRRFNRHHD,unknown,0
tr|A0A517ZQT2|A0A517ZQT2_9PLAN,tr|A0A517ZQT2|A0A517ZQT2_9PLAN Multidrug export protein AcrF OS=Symmachiella dynata OX=2527995 GN=acrF_1 PE=4 SV=1,MQLIESFVRNPVKVSVGALLVALFGLVALTRMPMQLTPEVQTPTITIETLWPGASPQEVEQEIVLEQEEQLKSVEGITKMTSESADSKGTITLEFQVGIDMGESLLKVNSRLQQVREYPEDADEPVISTANSSDRPIAWFILSSRAPSNEQYDAFEAKYPELVELIAPARRANNVGLGMLRLRLLSKEHPELKELLPPDDLDVTKMRRFAEDEIEARFERVSGVSQSNVIGGLEDELQVVVDPERLAARQLTLTDVRNVLQAQNSDTSAGDFWEGKRRWVVRALGQFRDPKQVEDQPLAVVNGAPVFVRDVAEVQLGYKKPDGLVRRFGESSIAINCLRETGANVLDVMDGLRAAVAEVDEDILKPRGLQLVQVYDETDYINSSINLVQQNIFIGGALTMIVLMLFLHLGIRTLLAVPLIVASAWAAAYISPIYFVVCVAVIVASGFWFARGALVVALAIPTSLIASFLVMGILGRSLNVISLAGLAFAVGMLVDNAVVVLENIYRRHDLGEGPFEAAVRGTQEVLGAVAASTITTVAVFLPVVFVQEEAGQLFRDIALAISAAVALSLVVSMTVIPTAASRLFHSDDEDATPRKPSVLHRLFHRSAGKNGTQRNQSAPETTPAPSTRLGKFAQIIVAPLTIFGNLFVSAIVGFNRWIQRGVLRRLAVVTALFGLAVGVSWALWPKIEYLPTGNRNLVFGIVLPPPGYNLDQLTKLGQTVETELRPYWDVDVDSPEAQALDYPVISDFFFVARGRQVFMGIRAYDGQRVGELVPLVQQVGSKIPGAFAIAKQSSLFEQGLSAGRTIDIEITGPDLKKLVALGGQILGQVSQIMPAAQARPVPSLDLSTPELHIDPKLVQAAEMEVSSRDLGFAANSLIDGAYAGDYYLDGKKIDLSIVGREHYADTTHEIEALPVATPSGQLVPLSSLAHVTMSSGPEQVNHRERVRAITIEVSPPQGTALEDAMIQIKERIVGPIMQSGQLDGGYQINLAGTADKLSKMQDTFFGRWTGWNVDSLTSVFTSQFVLVVLITYLLMAALFESWLYPLVIILTVPLGAVGGILGLNLLNVYLVATGQITQQLDVLTMLGFVILIGTVVNNPILIVHQSLNHMREDGMLPRDAILESIRTRIRPIFMTTLTTVLGLLPLVLFPGAGSELYRGLGSVVLGGLLVSTVFTLVLVPTLFSLMLDARTRFVRLFVGERIPETTSPPEPPQTPAPQRELVHPS,unknown,0
tr|A0A518C362|A0A518C362_9BACT,tr|A0A518C362|A0A518C362_9BACT Multidrug export protein AcrF OS=Bremerella volcania OX=2527984 GN=acrF_1 PE=4 SV=1,MLARFFIDRPIFAWVISIIIVLAGTICVWILPIAQYPEIAPPTVSVTCQYPGASADVVAETVAAPIEQQVVGVEDALYMSSQSASDGSYTLTVTFALGTDLDMAQVLVQNRVAQATPLLPDVVKATGVTTKKKSPNILLAVNLFSEDDPETGQPLLDNLYLSNYATIQIRDQLASLEGVGDVGILGQQDYSMRVWLNPNALASRSMSAGEVVASLKEQNVQVAAGQIGQPPVPPGQEMQLTMTTLGRLKTPEQFEDIVVKTGSDGQITRIRDIGSVELGAKNLNTICRFDQKPSAGIGIFQLPGSNALDVGDRVKRKMEELKEKFPPGLKYEIGYDTTPFIKQSVEEVFKTLRDAIILVAIVVLFFLQDWKAVMLPLIDVGVSLIGTFAIMAMMGFTLNNLTLFGLVLAIGIVVDDAIVVLENIERWIGMGYKVRDATIHAMEEITGPIVAITLVLSSVFFPSAFLGGVTGQFFRQFALTIAAAMLISAMNAMTMTPARATSIFRDPKPGEDHTQHREALPWWGITALGGVLLVWLGSTFLGGSGEHGEEGLPLWMQAALFVPGAVIGYLLSHTVNRALAAVFGVFNTIFDWVTNFYGRGIASLLRISAVAVIVYVGLIGLTGYGFNAVPAGFIPTQDQGYLVFDVQLPDSASRERTDKVMTEVEKIAMETPGIAHVVDVSGQSFVQNAVSSNLGGGFFSLAPFSERTGKETTSEYIAMELRKKFSKIQEARVSVFEAPPINGLGNAGGFKLMVEDRGDNGYAVLQAQADRLANLALEQPGIVVAFSTFRANTPQLFVDIDREKCKSMGVELDAVFEALQVYMGGYYVNDFNRFGRTWQVNVQADSKFRVNAETVRQFKVKSVTGEMVPLGTLCTIEDSTGPMFINRYNNFPAAAINGVNVPIVSTGEVLTMMNDLAAQELPASMEAEWTEISFLQEQASQFQSFKDVLQNPISALIGAVILVYLILAALYESWELPVTIILVVPMCVLAALTGVIIAHMALNIFVQIGFVVLVGLACKNAILVVEFAKDLMEKENKPLLEATVQACIVRLRPIVMTSFAFILGVAPLLWGHGAGAEMRFSLGVAVFSGMLGVTGFGLIFTPVFFYVVMKFLQKEGLSPIHSQEPEPEPPMEP,unknown,0
tr|A0A518G604|A0A518G604_9BACT,tr|A0A518G604|A0A518G604_9BACT Multidrug export protein AcrF OS=Aureliella helgolandensis OX=2527968 GN=acrF_1 PE=4 SV=1,MRAIVRWAVDNTPGVNVMVVGTLIAGFLCFLGLRREVFPEFELEIILVTVPYPGASPTDTEKGVCQPVEEAVRALDGIKRLVSIAREGGGYVLVELESNVGNVQKVVTEVRSRVDRITNFPELAEDPQVEQITFREAAIRVAIMGPDVDTEQSEFKLREVAEHIRDDLLDLSAITQANIQGAKPFQIDVEISEDTLQKHGLTLGSVAQILRSENIELPGGQLKADGQEILLRGKNRREFGQEIAKLPVISQPNGVVLKIGDIGRVKDLFDDSTVISEVNGRPALVISIDRTSDEDLLVIADSVHAYVKQAEAEGVLPPGYSMQVWGDTSVDVRDRMRMLRDNGLQGLLFVFILLALFLELRLAFWVSLGIPICVMGAGIILLGTGQTLNMLSMFAFLMALGIVVDDAIVVGENIYAHRGMGKDFVTAAIDGTTEVLPSVVTAVATTIIAFMPFFFVSGVMGKFIAVMPVAIIAMLAISLVEASMALPCHLAHGENERATTLPQHVMAFFKRCLAPVFAVTDRCSHVCGGAMDRFGDRIYIPTLRFLLNYPLLGLATGLALLLITAAVMKAGWIRVNPFPKTDSNQILAQVVFPDGTPAELTDKATQRIEEAIRKVSLLTYEENLAKGQEPQDEPNVSNGAPLGPVKLTFRQVGALTAQGAMGATGNGAGSHVGQVFVELEDSSIRSVTSTELIHRWRAVTGEISGVERVTFDSASMGPGGKAIEFKLLAPAAQQQQLEDAVEDVKAELAKFAGVYDIRDDATPGKTEFQIRVRDRAQSMGITSEQLAQTIRNAYYGAEVMRLQRGRHEVKLMVRYPEDERTSLTQFREIRVRGTDGVERPIKELADIQVSQAYSEINRLDQQRSITITADLDATEANSQEVFEELQYRIMPELLSVKYPAVSVDWEGQQQQTFESLVSLGVGSAIALLAMYTLLVIEFRSYFQPLLIMAIIPFGAIGAAWGHAIMGLEVTLFSFFGLVALTGVVVNDSIVLVDFINARVRDGMEQQQALLEAGRRRLRPVFLTSLTTIGGLVPMLLETSFQAQFLIPMAASIAFGLMLSTLLVLFQVPVFFQLYLIVSGWFGFDPSKVGHNLSNAADESQDAASPQPI,unknown,0
tr|A0A518HIY2|A0A518HIY2_9BACT,tr|A0A518HIY2|A0A518HIY2_9BACT Multidrug export protein AcrF OS=Stieleria neptunia OX=2527979 GN=acrF_1 PE=4 SV=1,MSASSPPLPSLSLASLAVKYRPIVLSLVLLGMVMGAATYITIPRREDPEFTIRVCVVSTSWPGAPAVTVEELVTDKIEQELTGIEEVKLTRSTTVTGLSTIFVELEDNIAPEKIQNVWDKVRARVDLVPMPSADVRPIVNDEFGDTAVLVLAVHQTPSGGRELIRPQDRYSPRELERFAEDVQDALRLVPGVAEVEMFGAREEAIYIETEMANWAQIELTTARLESLAQERNIIQAGGELDTRAGHYSVNPGGEFNAVEEITQIASTVRTDDGDNSVPLTELGLTIERGYEDPASYICRVGDASGATEAVMLGITMKSGANIIDVCRDCKQRINELIVREQRLPSDVAVTAVSDQSESVTKKIRDVILNVVEAVLIVIAIVYLVVGFRTAFVMAANIPIVVIISIGLIAVFGVQLEQISLAALVISLGLLVDNAVQVCDQARTNQIAGMAPFPAAIDGANTLAIPMLVGTLTTMAAFIPMLFSLEGGGKEYIYSLPVTVSTTLALSWLLAMTFCVILAGVLIRAPEADYPASPVVSWFRKLAAWSPRLRHRHAVESAQPHGETKPTGNHAFNLYTRVARWAVNAKWLTALATAVLVVAILMLPVSSEFFPEAAGTQFAVKIILPETATIDHTDAAARQVESILRKLSREGGAESDRLRAYRTMVGGGGSRWHLGWDPEPQSRSFAEILVRTTSDSVTKAYAQRVRDVAQRGDASLGIAPIVGARVVPVQLALGPPADPLVLRIAGNGFADPAILRNTADRLKRLVAEQPETWDVNDSWGIDGYQIRVNVHQDQAVLAGVTNSQIAKTLTSYYSGLRLTTFREGDHQVPVYFRLRASQRESIAGLQESYVEGDRGKVPLASIASLEPAFELARIERRNMNRTIEVSSRMEPGVTGNDVVSRILKSEELRRLRDSLPVGYSIEPGGAYEESVEAGGQMMMSFAISFLLIILCLIFQYNGWSKPLIILSTLPLALVGAWLGLFLSDKSLGFMPQLGILALFGIVLNTAIIFVEFADILIAQKATEKRNAGSGDGPIQGLSVDEFRGCLIEAGKQRILPIFLTTATTVGGLIPLALSGGPLWEGLAWCMIVGLLLTTLLTLFVVPAFYAILVETFGVRPVVLAEAATEDPQPTQRVF,unknown,0
tr|A0A5B9MHV3|A0A5B9MHV3_9BACT,tr|A0A5B9MHV3|A0A5B9MHV3_9BACT Multidrug export protein AcrF OS=Stieleria maiorica OX=2795974 GN=acrF_1 PE=4 SV=1,MTPSDDDNQAVDHTADTPLMTRIVELFLRGDVAILLVLVSLLLGTAALFLTPREEEPQIVVPMADVFASAPGLSAEEVERQVTDRLEKLLHQIDGVEFVYSVSRPGECVVTVRFYVGEDREDSLVKIYNKINSSVDKIPPGVQSWVVKPIEVDDVPIVIATLWSDQPERYGDHELRRIAEEVQHQLQAIPDANRVEVVGGRPRRVHVNLDAQRLAAHRTSPLQVARALQVSNVTARNGSFEQQNTQFNVETGTFIRDVDQLQNIVVNVAGGRPVYLKNVASVIDGPAEADNYSWIGFGAADDRYADRTDLYPAVHLSVAKRKGSNAVRVADAVETRLKDLERTHLPSGVNFRITRDYGETANEKVNELIEGLVVAVLTVVGLIGLTMGWRPALVIALAIPVCYSLTLFINLMVGYSINRVTMFALILALGLLVDDPITDVENIARYFTMKLFPPRKSVLRAVQEVRPALILSTLAIIVSFLPLAFITGMMGPYMAPMALNVPLTVTVSTVVAFLITPWLAMVSLKQIDDSGNPDQAYDLTTRPLYRLSRIVLAPILSRPLYAWGVLLGIALLFAMAMIPPVFRWVPVKMLPYDNKNEFQIVIDMPEGTTLERTDVVSRRIGRFIGGLAEVSDYELFVGTASPMDFNGLVRHYFLRQGPNVADIRVNLLAKEQRAQQSHEILLRIRDEVTELARSMGANIKLVEVPPGPPVLSTITAEVYGPPDGTYARQIHVARNVMARLTHEPGVVDLDVSAEDDQIRFVFETDKPKAALSGISTQTIADTVATVLSGNRATVLHLPDEVEPLWIELKLPPESRSALDDLEEIYVQGEQGQIVQLGSLGRFRETLEDQSIYHKNLRRVVYVYAEVAGRPPADAIMDVQWDRQPAGTGMSAAEHAAVTPRPLESRSWLSLGGGVPWSVPDGYQVQWAGEGEWDITLDVFRDLGLAFGAALVGIFVVLMFQTGSRTLPLLIMSAIPLSMIGIMPGFWGLNLIMNQPIGGHPNPVFVTATAMIGMIALAGIVVRNSVVLIDFIHLAQAEGFDLEESIVRSVAVRTRPILLTAGTTLLANWVITLDPVFSGLAWAIIFGILTSTVFTLVVIPAAYWLIYRGPTESLRPDQK,unknown,0
tr|A0A5C5YXM9|A0A5C5YXM9_9BACT,tr|A0A5C5YXM9|A0A5C5YXM9_9BACT Multidrug export protein AcrF OS=Planctomycetes bacterium CA13 OX=2527986 GN=acrF_1 PE=4 SV=1,MHPIEACVRNPVKVAVGALLLILFGTIALVRMPMQLTPEVQTPTLTISTRWPGASPQEVEREIIQEQEEQLKSVEGVTKMTSESMDSSGSISMEFLVGTNMEEALLKVNSRLQQVPEYPEESDEPVISTSNSSDRPIAWFILSALQPTHEQIEAFANEHPQTKEALAPVLRAGNPGVRLLRLRDIAIAHPELHPLLPPDLNVPQMRRFAEDSIEAKLERVNGVSNANVLGGLTDEMQVIVDPQRLAARNLTIDDIRRVLRNQNRDTSGGDYWEGKRRWVVRTLNQFRDPEQVEKQVITVRDGVPVFIRDVASVQLGYKKPDGLVRRFGESAIAVNALRETGANVLDVMDGLKTAVSELNNDILRDKKLQLLQVYDETEYIDASVALVNQNIVVGGTLTMLVLMLFLHLQIRTILFVPMIVGATIAALLISPWFGLVTLGLILLAGFWFARGALVVGLAIPISIIGTFLLLNLWGRSLNVISLAGMAFAVGMLVDNAVVVLENIFRHYQQGDEPFEAAIRGTKEVWGAVLASTLTTLAVFLPVLFVEEEAGQLFRDIALAISAAVGLSLIVSITLIPTATARLLKPHGLKPSRDPSNPDPSKIESSTKHVGLANGIVKSLVAFSSRFVSAVVATNRFFQKSLLRRLAMVVVLLAVTACVSYALWPKVEYLPTGNRNLVFGIVLPPPGYNLDELSRLGEVVEEHLKPYWDIDPQNANAEELKYPAIYDFFYVARGRQVFLGVRSVDPQRSGELVPLIQSVSSKLPGTFVIAKQSSLFEQGLTAGRTIDVEITGPELEKLVALGGQVLGQVVGARGEPVVPDAQARPIPSLDLSNPEVHIVPRLMQAEEMGVNATSLGYAVNALVDGAFAADYYIGGDKIDLTIVGNPEQASSSQDLMSLPIATPGGQLVPLLSLADIDLSSGPEQVNHRERQRAITIEVSPPADIALEDALERIETQIIDPMRKSGQLAGGYQIGLSGTADKLRDTWLALRWNVLLALLITYLLMAALFESWIYPLVIIMSVPLGAVGGILGLRLLGLYLSWQGLTPQPLDVLTMLGFVILIGTVVNNAILIVHQSLNLMREENYTSRNAILESVRTRVRPILMTTATTILGLCPLVLFPGSGSELYRGLGSVLLGGLLVSTFFTLVFVPVLFQLFMDAKETKLVKLPNALRDDAIRPAKCNA,unknown,0
tr|A0A5C6E432|A0A5C6E432_9BACT,tr|A0A5C6E432|A0A5C6E432_9BACT Multidrug export protein AcrF OS=Novipirellula aureliae OX=2527966 GN=acrF_1 PE=4 SV=1,MSNSTDLKPNDVPLMTRIVELFLRGDVAILLILVSLMLGAAALTLTPREEEPQIVVPMADVFAIAPGLSAEEVERQVTYRLEKLLNQIDGVEFVYSTSQPGQCVVTVRFFVGEDREDSLVKIYNKINSSVDLIPPAIESWVVKPIEVDDVPIVIATLWSDQPNRYGDHHLRRIAEQVQQDLQAIPGANRVDVIGGRPRRITVNLDAQRLAAHSTSPLQVAQALQVSNVTARNGSFEQQNTMFNVETGTFIRGVDDLNELVVNVSGGRPVYLKNIASLVDGPAEPVGYSWIGFGSADAVQGEKTGLYPAVHLSIAKRKGSNAVAVAESVEARLAELTASHLPDGMQFRITRNYGETANEKVNELIEGLAVAVLTVIGLIGLTMGWRPALVIAIAIPVCYSLTLFINLLVGYSINRVTMFALILALGLLVDDPITDVENIARYFTMKVLPPRPSVLRAVQEVRPALILSTLAIIVSFLPLAFITGMMGPYMAPMALNVPLTVTVSTFVAFLITPWLAMVSLRQINNESESGPSYDLTTKPLYRMSRGILGPILRGRLAAWGVLFTIAGLFFAALIPPVMRWVPVKMLPYDNKNEFQIVIDMPEGTTLEQTDVVSRRLGAYLGGLSEVKDYEIFVGEASPMDFNGMVRHYYLREGSNVADIRVNLLAKEQRVQQSHEILLRIRDEISTLAESMDANIKLVEVPPGPPVMATITAEVYGPPDGDYAAQIDVARDVMQRLSFEPGVVDLDTSAEDDQIRFVFETDKSKAALSEISTQTVADTVQTVLSGHKATVLHTPDEVEPLWIELRLPRANRSSLAELKQIYIQGESGQAVQLGSLGQFRETIEDKSIYHKNLKRVVYVYAEVAGRPPADAIVDVEWDRASDVRGVDSDASPRPLSKRSWLSLGGGVPWGVPNGYHVEWAGEGEWDITLDVFRDLGLAFGAALIGIFVVLMFQTGSRTLPLLIMSAIPLSMIGIMPGFWGLNAIMNQPVGGHPNPVFVTATAMIGMIALAGIVVRNSVVLIDFIHLALEEGHDLRESIIRSVAVRTRPILLTACTTLLANWVITLDPVFSGLAWAIIFGIVTSTVFTLIVIPAAYWILYQNAAKTSPPRSGSS,unknown,0
tr|A0A6D2G431|A0A6D2G431_SALER,tr|A0A6D2G431|A0A6D2G431_SALER Acriflavin resistance protein F OS=Salmonella enterica subsp. salamae OX=59202 GN=acrF_1 PE=4 SV=1,MIQLPSGATQERTQKVLDQVTHYYLNNEKANVESVFTVNGFSFSGQGQNSGMAFVSLKPWEERSGEENSVEAVIARATRAFSQIRDGLVFPFNMPAIVELGTATGFDFELIDQGGLGHDALTKARNQLLGMVAQHPDLLVRVRPNGLEDTPQFKLDVDQEKAQALGVSLSDINETISAALGGYYVNDFIDRGRVKKVYVQADAQFRMLPADINNLYVRSANGEMVPFSTFSSARWIYGSPRLERYNGMPSMEVLGEAAPGRSTGEAMTLMENLASQLPNGIGYDWTGMSYQERLSGNQAPALYAISLIVVFLCLAALYESWSIPFSVMLVVPLGVVGALLAASLRGLNNDVYFQVGLLTTIGLSAKNAILIVEFAKDLMEKEGRGLIEATLEASRMRLRPILMTSLAFILGVMPLVISRGAGSGAQNAVGTGVMGGMLTATLLAIFFVPVFFVVVKRRFNRHHD,unknown,0
tr|A0A6J5A118|A0A6J5A118_9BURK,tr|A0A6J5A118|A0A6J5A118_9BURK Multidrug export protein AcrF OS=Achromobacter insuavis OX=1287735 GN=acrF_1 PE=4 SV=1,MSAPVPENQNAAHRHEEGKFNLSAWALRHQPLVIFLITLVTLFGVLSYSRLAQSEDPPFTFRVMVIKTLWPGATSQQVQEQVTDRIAKKLQETPSTDFLRSYSRPGESLIFFTMKDSAPASEVANEWYQVRKKVGDIGATLPQGVQGPFFNDEFGDVYTNIYTLAGDGFSPAQLRDYADSLRTVLLRVPGVAKVDYFGEQPEHVYIEISNTQLTRLGVSPQQIAEAINSQNAVASAGTLTTADDRVFVRPSGQFQDTRALAETLIRVNGKSIRLGDIATIHRGYDDPPAEQMRTRGEPVLGIGITMQPGQDVVHLGKALDAKFGELKARLPAGLTLTEVSSMPKAVSFSVDEFLRSVAEAVAIVLIVSLVSLGLRTGMVVVISIPVVLAVTALFMDMFGIGLHKVSLGTLVLALGLLVDDAIIAVEMMAVKLEQGWSRARAAAFAYTSTAFPMLTGTLVTVAGFLPIALAKSSTGEYTRSIFQVSAIALITSWFAAVVLIPLLGYRMLPERKREAHLPDDHEHDIYNTRFYQRLRGWVAWCVDRRWRVLLATVALFVVSMVGFGLVPQQFFPSSDRTELLVDVRLQEGASFAATLRQVERLEKVLDGRPEIAHSVSFVGTGAPRFYLPLDQQLATPNFAQIVITANSVEDREKLAHWLEPVLHEQFPAIRSRLSRLENGPPVGFQVQFRVSGDKIPEVRQVAEKVAAEVRADSRSVNVQFDWDEPSERSVRFDIDQQKAREVGVSSNDISSFLAMTLSGYTVTQYRERDKLINVSLRAPDSERVDPGRLATLAMPTPNGPVPLGSLGQVRYGLEYGVIWERDRQPTITVQADVKAGAQGIDVTHAIDRKLDALRAELPVGYRIEVGGPVEESAKGQSSINAQMPIMIVAVLTLLMVQLQSFARVLMVVLTAPLGLIGVVAALLLFGKPFGFVAMLGVIAMFGIIMRNSVILVDQIEQDISAGHKRVDAIVGATVRRFRPITLTAAAAVLALIPLLRSNFFGPMATALMGGITSATVLTLFFLPALYAAWFRVRHDEREEPEGVPPGAHAGDNVERGA,unknown,0
tr|A0A6N7DBW0|A0A6N7DBW0_9BURK,tr|A0A6N7DBW0|A0A6N7DBW0_9BURK Multidrug export protein AcrF OS=Xylophilus sp OX=2653893 GN=acrF_1 PE=4 SV=1,MARFFIDRSIFAWVIAIVIMLAGALSIETLPLEQYPDIAPLAISITANYTGASAQTVEDSVTQVIEQQLKGLDNLIYMGGTSSSSGQSRITLTFNAGTNPDVAQMKVQNKLQQAMPRLPTSVQSQGVTVTKAGNDYLMIVSLYSENPALSRTDVGDYIASNLQDVISRIDGVAEVQVLGSGYAMRIWLDPRKLEKYALQPSDVNTALTAQNAQVSAGQLGGLPSTAQQLLNATVTARSKLQTVEQFENVVLKTATDGSIVLLRDVARVELGAESLTVQQRLAGRAAAGMGVMLANGANALKVAEEVVAKVRELEPGFPNQMKAIVNYDTTPFVEASIHEVVKALVEAMVLVVLIMYLFLQNFRATLIPTIAVPVVLLGTFGVLSILGYSINTLTMFGMVLAIGLLVDDAIVVVENVERVMTEEGLDPKEATRKSMDEITLVLSAVFVPMAFFGGSTGIISGSSPSPSSRP,unknown,0
tr|A0A6S6YZZ9|A0A6S6YZZ9_9BURK,tr|A0A6S6YZZ9|A0A6S6YZZ9_9BURK Multidrug export protein AcrF OS=Achromobacter deleyi OX=1353891 GN=acrF_1 PE=4 SV=1,MSAPVPEHPDAHRHEEGKFNLSAWALRHQPLVIFIITLVTLFGVLSYSRLAQSEDPPFTFRVMVIKTLWPGATAQQVQEQVTDRIAKKLQETPSTDFMRSYSRPGESLIFFTMKDSAPASEVANEWYQVRKKVGDIGATLPQGVQGPFFNDEFGDVYTNIYTLAGDGFSPAQLRDYADNLRTVLLRVPGVAKVDYFGDQPEHVYIEISNTQLTRLGVSPQQIAEAINNQNAVASAGTLTTADDRIFVRPSGQFSDTRALAETLIRVNGKSIRLGDIATIHRGYDDPPAEQMRTGGQPVLGIGITMQPGQDVVHLGRALDAKFSELKARLPAGLTLTEVSSMPKAVSFSVDEFLRSVAEAVAIVLIVSLVSLGLRTGMVVVISIPVVLAITALFMDMFGIGLHKVSLGTLVLALGLLVDDAIIAVEMMAVKLEQGWSRARAAAYAYTSTAFPMLTGTLVTVAGFLPIALAKSSTGEYTRSIFQVSAIALITSWFAAVVLIPLLGYRMLPERKREAHLPDDHEHDIYNTRFYQRLRGWVAWCVDRRWRVLLATIVIFVVSMAGFSLVPQQFFPSSDRTELLVDVRLQEGASFAATLRQVERLEKALEGRPEIAHSVSFVGTGAPRFYLPLDQQLATPNFAQVVITANSVEDREKLARWLEPMLHEQFPAIRSRLSRLENGPPVGFQVQFRVSGDKIADVRQVAEKVAAEVRADSRSVNTQFDWDEPSERSVRFDIDQQKAREVGVTSNDISSFLAMTLSGYTVTQYRERDKLINVSLRAPNDERIDPARLATLAMPTPNGPVPLGSLGHVRYGLEYGVIWERDRQPTITVQADVKSGAQGIDVTHAIDKKLNALRAELPVGYRIEVGGPVEESGKGQSSINAQMPIMVVAVLTLLMVQLQSFARVLMVVLTAPLGLIGVVAALLLFGKPFGFVAMLGVIAMFGIIMRNSVILVDQIEQDIRAGHKRVDAIVGATVRRFRPITLTAAAAVLALIPLLRSNFFGPMATALMGGITSATVLTLFFLPALYAAWFRVRHDEREEPEGVPPGANAGDTAVRGA,unknown,0
tr|A0A6S6Z5J3|A0A6S6Z5J3_9BURK,tr|A0A6S6Z5J3|A0A6S6Z5J3_9BURK Multidrug export protein AcrF OS=Achromobacter kerstersii OX=1353890 GN=acrF_1 PE=4 SV=1,MSEGRFNLSALAVRERSVTLFLICLISLAGLISFFKLGRAEDPAFTVKVMTIVTAWPGATAQEMQDQVAEKIEKRMQELRWYERTETYTRPGLAFTTLTLLDSTPPSEVPEQFYQARKKVGDEAASLPPGVIGPMVNDEYADVTFALFALKAKGEPQRMLVREAETMRQRLLHVAGVKKVNIIGEQAERIYVEFSHERLATLGLSPQDVFAALNSQNALTPAGSVETKGPQIFIRLDGAFDELQKIRDTPVMANGRTLKLSDIANVERGYEDPSTFMIRNGGEPALLLGIVMRDGWNGLDLGKALDREVGAINAEMPLGMSLSKVTDQAVNISSAVDEFMIKFFAALLVVMLVCFVSMGWRVGIVVAAAVPLTLAVVFIVMAATGKNFDRITLGSLILALGLLVDDAIIAIEMMVVKMEEGFSRLAASAYAWSHTAAPMLSGTLVTAVGFMPNGFAPSTAGEYTSNMFWIVGIALIASWVVAVVFTPYLGVKLLPEMKKVQGGHDALYNTPRYNRFRRVLARVIARKWLVAGAVVGLFVLSVLGMGVVKKQFFPISDRPEVLVEVQMPYGTSIAQTSAATAKVEAWLAQQEESKIVTAYVGQGAPRFYLAMGPELPDPSFAKIVIRTDNQDARDALKMRLRQAIAGGLASEARVRVTQLVFGPYSPFPVAYRVTGHDVNTLRGIAADVQQVLAASPMMRTVNADWGTRTPTMHFTLQQDRLQALGLTSSAVAQQLQFLLSGVTVTAVREDIRSVQVVARAAGGIRLDPAKIADFTLAGANGQRIPLSQVGVVDVRMEEPIMRRRDRTPTITVRGDIADGLQPPDVSAAITQQLQPIMDKLPSGYRIDQAGSIEESGKATKAMLPLFPIMLAITLIIIIFQVRSISAMVMVFLTSPLGLIGVVPTLILFQQPFGINALVGLVALSGILMRNTLILIGQIHHNEQEGLDPFHAVVEATVQRARPVVLTALAAILAFIPLTHSVFWGTLAYTLIGGTLAGTVLTLVFLPAMYSIWFKIQR,unknown,0
tr|A0A8B4CEE0|A0A8B4CEE0_SHISO,tr|A0A8B4CEE0|A0A8B4CEE0_SHISO Integral transmembrane protein OS=Shigella sonnei OX=624 GN=acrF_1 PE=4 SV=1,MIQLPAGATQERTQKVLDQVTDYYLNNEKANVESVFTVNGFSFSGQAQNAGMAFVSLKPWEERSGDENSAEAVIHRAKMELGKIRDGFVIPFNMPAIVELGTATGFDFELIDQAGLGHDALTQARNQLLGMAAQHPASLVSVRPNGLEDTAQFKLEVDQEKAQALGVSLSDINQTISTALGGTYVNDFIDRGRVKKVYVQADAKFRMLPEDVDKLYVRSANGEMVPFSAFTTSHWVYGSPRLERYNGLPSMEIQGEAAPGTSSGDAMALMENLASKLPAGIGYDWTGMSYQERGDAANLLI,unknown,0
tr|A0A8B4CET9|A0A8B4CET9_SHISO,tr|A0A8B4CET9|A0A8B4CET9_SHISO Integral transmembrane protein OS=Shigella sonnei OX=624 GN=acrF_2 PE=4 SV=1,MTQVIEQNMNGIDNLMYMSSTSDSAGSVTITLTFQSGTDPDIAQVQVQNKLQLATPLLPQEVQQQGISVEKSSSSYLMVAGFVSDNPDTTQDDISDYVASNVKDTLSRLNGVGDVQLFGAQYAMRIWLDADLLNKYKLTPVDVINQLKVQNDQIAAGQLGGTPALPGQQLNASIIAQTRLKNPEEFGKVTLRVNSDGSVVRLKDVARVELGGENYNVIARINGKPAAGLGIKLATGANALNTAKAIKAKLAELQPFFPQGMKVLYPYDTTPFVQLSIHEVVKTLFEAIMLVFLVMYLFLQNMRATLIPTIAVPVVLLGTFAILAAFGYSINTLTMFGMVLAIGLLVDDAIVVVENVERVMMEDKLPPKEATEKSMSQIQGALVGIAMVLSAVFIPMAFFGGSTGAIYRQFSITIVSAMALSVLVALILTPALCATLLKPVSAEHHENKGGFFGWFNTTFDHSVNHYTNSVGKILGSTGRYLLIYALIVAGMVVLFLRLPSSFFLLT,unknown,0
tr|I6PCA8|I6PCA8_9CAUD,tr|I6PCA8|I6PCA8_9CAUD Uncharacterized protein OS=Pseudomonas phage MP42 OX=1161903 GN=PPMP42_32 PE=4 SV=1,MNIAVYENGSKIKARVENVVNGKSVGARDFDSTEQLESWFYGLPGSGLGRIENAMNEISRRENP,unknown,0
tr|L7P7M1|L7P7M1_9CAUD,tr|L7P7M1|L7P7M1_9CAUD Uncharacterized protein OS=Pseudomonas phage JBD30 OX=1223260 GN=JBD30_035 PE=1 SV=1,MKFIKYLSTAHLNYMNIAVYENGSKIKARVENVVNGKSVGARDFDSTEQLESWFYGLPGSGLGRIENAMNEISRRENP,unknown,0
tr|A0A0E0UT28|A0A0E0UT28_LISMM,tr|A0A0E0UT28|A0A0E0UT28_LISMM AcrIIA4 family anti-CRISPR protein OS=Listeria monocytogenes serotype 4a (strain M7) OX=1030009 GN=LMM7_0114 PE=1 SV=1,MNISELIREIKNKDYAVRLEGTDDNSITKLIIDVDNDGNEYVISESKNESIAEKFASTFKNGWNKEYEDEEEFYNDMQSIILKSELN,unknown,1
tr|A0A247D711|A0A247D711_LISMN,tr|A0A247D711|A0A247D711_LISMN Anti-CRISPR protein AcrIIA4 OS=Listeria monocytogenes OX=1639 GN=acrIIA4 PE=1 SV=1,MNINDLIREIKNKDYTVKLSGTDSNSITQLIIRVNNDGNEYVISESENESIVEKFISAFKNGWNQEYEDEEEFYNDMQTITLKSELN,unknown,1
tr|A0A6W4RK30|A0A6W4RK30_LISMN,tr|A0A6W4RK30|A0A6W4RK30_LISMN AcrIIA4 family anti-CRISPR protein OS=Listeria monocytogenes OX=1639 GN=GEK10_13905 PE=4 SV=1,MNINDLIREIKNKDYTVKLSGTDSNSITQLIINVNNDGNEYGISESNFESIVEKFVSNFENGWDGAYEDEEDFYNDMQAIILKSESN,unknown,1
tr|A0A7X0W4Y2|A0A7X0W4Y2_LISWE,tr|A0A7X0W4Y2|A0A7X0W4Y2_LISWE Anti-CRISPR protein AcrIIA4 OS=Listeria welshimeri OX=1643 GN=acrIIA4 PE=4 SV=1,MNINELIREIKNKDYTAKLSGTDSNSITQLIIRVNNDGNEYVISESENESIVEKFISAFKNGWNQEYEDEEEFYNDMQTITLKSELN,unknown,1
tr|A0A7X0WMG2|A0A7X0WMG2_LISIO,tr|A0A7X0WMG2|A0A7X0WMG2_LISIO AcrIIA4 family anti-CRISPR protein OS=Listeria innocua OX=1642 GN=HB837_14610 PE=4 SV=1,MKNVKELLREIKKKDYTVTVYGDEIIIYVDNDGNEFPIRESFDASIIENFVTFFIDGWDGHYDDEETFYNDMQEIAKNIVLEDLEVTYDS,unknown,1
tr|A0A7X0ZEQ7|A0A7X0ZEQ7_9LIST,tr|A0A7X0ZEQ7|A0A7X0ZEQ7_9LIST AcrIIA4 family anti-CRISPR protein OS=Listeria cossartiae subsp. cayugensis OX=2713505 GN=HCB49_13980 PE=4 SV=1,MNLKELVREIKNKDYTAKLSGTDSNSITQLIIHVNNDGNEYVISESNFESIVEKFVSTFENGWDGAYEDEEEFYNDMQDIVKTHFK,unknown,1
tr|A0A7X1DFC2|A0A7X1DFC2_9LIST,tr|A0A7X1DFC2|A0A7X1DFC2_9LIST AcrIIA4 family anti-CRISPR protein OS=Listeria farberi OX=2713500 GN=HCB47_13360 PE=4 SV=1,MKINDLVREIKSRDYKVRLGGTDSNSITKLIIDVNNDGNEYVISESANESIVESFADSFVDGWTGTYEDEEDFYNDMQEIAQDIILETLKEAFENNNYNTDEVDTDLFDGYQIKIAMEYDNIGELAASVNKTKHFTAYVDASTDFMIIEKY,unknown,1
tr|A0A823IUF1|A0A823IUF1_LISMN,tr|A0A823IUF1|A0A823IUF1_LISMN AcrIIA4 family anti-CRISPR protein OS=Listeria monocytogenes OX=1639 GN=CW895_14560 PE=4 SV=1,MNLKELVREIKNKDYTAKLSGTDSNSITQLIIHVNNDGNEYGISESNFESIVEKFVSTFENGWDGAYEDEEEFYNDMQDIVNRHFK,unknown,1
tr|A0A823JDK5|A0A823JDK5_LISMN,tr|A0A823JDK5|A0A823JDK5_LISMN AcrIIA4 family anti-CRISPR protein OS=Listeria monocytogenes OX=1639 GN=CW895_12520 PE=4 SV=1,MNINDLIREIKNKDYTVKLSGTDSNSITQLIINVNNDGNEYGISESNFESIVEKFVSTFENGWDGAYEDEEEFYNDMQAIILKRVLN,unknown,1
tr|A0A9P2C2B4|A0A9P2C2B4_LISMN,tr|A0A9P2C2B4|A0A9P2C2B4_LISMN AcrIIA4 family anti-CRISPR protein OS=Listeria monocytogenes OX=1639 GN=GCV64_14680 PE=4 SV=1,MNLKELVREIKNKDYTAKLSGTDSNSITQLIIHVNNDGNEYGISESNFESIVEKFVSNFENGWDGAYEDEEEFYNDMQDIVNRHFK,unknown,1
